sr_no,sector,ministry,agency,project_code,project_name,original_cost,revised_cost,expenditure,physical_progress,original_completion,revised_completion,sanction_date,cost_overrun
1,Aviation & Aviation Infrastructure,Ministry of Civil Aviation,Airport Authority of India [AAI],706718,C/o NITB Imphal Airport,499,499.0,215.1,54,2024-07-13,2026-12-31,2021-11-01,0
4,Aviation & Aviation Infrastructure,Ministry of Civil Aviation,Airport Authority of India [AAI],701101,"Construction of New Domestic Terminal Building [Phase-I and II] and other allied structures at JPNI Airport, Patna",1217,1216.9,1216.11,99,2026-05-31,2026-08-31,2018-10-04,0
8,Aviation & Aviation Infrastructure,Ministry of Civil Aviation,Airport Authority of India [AAI],701128,Construction of New Integrated Passenger Terminal Building at Udaipur Airport,887,887.0,588.79,84,2026-03-10,2026-09-26,2023-06-21,0
9,Aviation & Aviation Infrastructure,Ministry of Civil Aviation,Airport Authority of India [AAI],701107,Construction of New Integrated Terminal Building and associated works including apron to park 3 code E type of aircraft or 6 code C type of aircraft at Vijayawada Airport.,612,824.28,600.58,91,2022-09-04,2026-11-10,2020-06-17,1
10,Aviation & Aviation Infrastructure,Ministry of Civil Aviation,Airport Authority of India [AAI],701127,Construction of New Passenger Terminal Building for Domestic Operations at Jodhpur Airport.,480,480.0,348.23,100,2026-03-31,2026-06-26,2022-06-01,0
11,Aviation & Aviation Infrastructure,Ministry of Civil Aviation,Airport Authority of India [AAI],611047,"Construction of NTB complex including apron, taxi track and other associated civil works and electrical & mechanical installations towards Tawi River side at CA Jammu.",861,861.37,388.13,61,2026-06-21,2026-11-30,2023-10-10,1
12,Aviation & Aviation Infrastructure,Ministry of Civil Aviation,Airport Authority of India [AAI],400010,"Construction of Terminal Building & Associated works at Leh Airport, Ladakh",480,640.0,524.37,93,2021-09-14,2026-09-30,2018-07-27,1
14,Aviation & Aviation Infrastructure,Ministry of Civil Aviation,Airport Authority of India [AAI],701126,"Development of Dholera International Greenfield Airport , Gujarat",1305,1551.0,987.56,89,2026-06-30,2026-09-30,2022-06-14,1
18,Aviation & Aviation Infrastructure,Ministry of Civil Aviation,Airport Authority of India [AAI],611495,Development of New Civil Enclave at Bagdogra Airport,1549,1549.0,570.75,29,2027-03-07,2027-03-06,2024-08-29,0
22,Aviation & Aviation Infrastructure,Ministry of Civil Aviation,Adani Airport Holdings Limited,706724,Guwahati Airport New Integrated Terminal Building Construction Project,1712,2520.0,2670.23,100,2025-03-31,2026-06-30,2016-12-01,1
49,Coal,Ministry of Coal,ECL - CIL,400180,BONJEMEHARI EXPANSION OCP,570,570.11,88.99,17,2026-03-31,2030-03-31,2021-08-10,1
68,Coal,Ministry of Coal,MCL - CIL,400185,GOPALJI KANIHA OCP [10 TO 30 M,8416,6107.87,1779.77,36,2030-03-31,,2022-04-25,0
90,Coal,Ministry of Coal,Ministry of Coal,400139,KOTRE BASANTPUR PACHMO OCP,625,625.4,456.48,46,2032-03-31,,2020-08-04,1
101,Coal,Ministry of Coal,ECL - CIL,400181,NAKRAKONDA KUMARDIH- B OCP,503,502.67,89.81,29,2029-03-31,,2018-08-11,0
135,Coal,Ministry of Coal,ECL - CIL,400186,TILABONI UG,749,749.07,87.71,12,2029-03-31,,2023-01-31,1
141,Coal,Ministry of Power,National Thermal Power Corporation [NTPC],603293,Badam Coal Mining project of NTPC,502,784.0,442.42,68,2056-12-31,2027-04-01,2019-02-01,1
149,Education,Department of Higher Education,"National Institute of Technology, Meghalaya",612885,Construction and Developement of National Institute of Technology Meghalaya Permanent Campus at Sohra,495,429.7,385.32,98,2022-03-31,2026-10-31,2009-09-17,0
152,Education,Department of Higher Education,"Indian Institute of Management, Jammu",602098,"Construction of Permanent Campus for IIM Jammu Phase-1 at Jagti, Nagrota, Jammu, J&K",425,500.91,484.52,96,2023-06-30,2025-11-30,2019-03-01,1
153,Education,Department of Higher Education,INDIAN INSTITUTE OF TECHNOLOGY PALAKKAD,606431,CONSTRUCTION OF PERMANENT CAMPUS FOR IIT PALAKKAD UNDER PHASE 1A,1006,1217.4,707.03,90,2022-06-07,2026-06-30,2017-07-01,1
154,Education,Department of Higher Education,NIT Mizoram,612876,"Construction of Permanent Campus for NIT Mizoram at Lengpui, Aizawl",474,474.23,167.55,4,2029-12-31,2022-03-31,2009-09-17,1
157,Education,Department of Higher Education,"Indian intitue of Management, Amritsar",605292,"Construction of Permanent Campus of Indian Institute of Management [IIM] Amritsar, Punjab, Phase-I",348,386.86,294.73,93,2023-06-30,2026-11-20,2019-10-01,1
160,Education,Department of Higher Education,Sikkim University,609736,"Construction of Sikkim University Campus Phase-I Package-II at Yangang, South Sikkim",314,340.55,292.0,97,2025-01-04,2026-10-31,2020-08-01,1
164,Education,Department of Higher Education,NIT Sikkim,612883,Establishment of Permanent Campus of NIT SIkkim at Khamdong-Gangtok District,686,610.76,283.56,38,2028-02-12,2026-12-31,2024-02-12,0
165,Education,Department of Higher Education,"Indian Institute of Management, Sirmaur",602099,Establishment of Permanent campus Phase 1 of IIM Sirmaur,393,454.78,340.11,99,2023-10-31,2026-09-30,2018-09-17,1
166,Education,Department of Higher Education,"Indian Institute of Technology, Kharagpur",609019,"HEFA projects on development of student hostels, playgrounds, departmental buildings, class room complex and other campus facilities in IIT Kharagpur",500,442.0,420.1,97,2023-03-31,2026-12-31,2018-06-25,0
168,Education,Department of Higher Education,"Indian Institutes of Science Education and Research, Behrampur",610315,IISER BERHAMPUR,1229,843.09,874.09,98,2021-03-31,2026-10-31,2018-10-24,0
176,Education,Department of Sports,Department of Sports & Youth Affairs,400081,"National Sports University [NSU], Imphal [Manipur]",906,611.74,577.32,98,2024-08-26,2026-08-08,2022-06-13,0
187,Electricity Generation,Ministry of Power,SJVN Limited,602579,Buxar Thermal Power Project [1320 MW],10439,13756.6,13814.0,95,2024-01-08,2026-08-24,2019-03-08,1
189,Electricity Generation,Ministry of Power,SJVN Limited,602582,Dhaulasidh Hydro Electric Project [66 MW],688,1763.31,1284.9,81,2025-11-05,2027-03-31,2020-10-01,1
192,Electricity Generation,Ministry of Power,Damodar Valley Corporation,602538,Installation of FGD for 4x210 & 2x250 MW MTPS U 1-6,1037,1106.0,1146.29,97,2024-01-22,2026-09-30,2019-06-25,1
194,Electricity Generation,Ministry of Power,National Hydroelectric Power Corporation Limited [NHPC],602532,Kiru HE Project,4288,5409.0,4118.03,90,2023-09-07,2026-12-31,2019-03-08,1
197,Electricity Generation,Ministry of Power,National Thermal Power Corporation [NTPC],611930,Lara Super Thermal Power Project Stage-II [2 x 800 MW],15530,16106.0,5711.52,35,2028-06-30,2028-11-30,2023-08-29,1
198,Electricity Generation,Ministry of Power,SJVN Limited,602593,Luhri Stage-I Hydro Electric Project [210 MW],1811,4345.31,1981.17,52,2026-01-19,2030-05-29,2020-11-20,1
201,Electricity Generation,Ministry of Power,National Hydroelectric Power Corporation Limited [NHPC],602525,"Pakal Dul [Drangdhuran] Hydroelectric Project, 1000 MW",8112,12728.0,9905.5,87,2020-04-27,2026-12-31,2014-10-28,1
202,Electricity Generation,Ministry of Power,National Thermal Power Corporation [NTPC],400261,Patratu Thermal Power Station Expansion Project Phase-I [3x800 MW],18668,20302.0,19405.5,92,2023-03-31,2027-04-30,2017-11-07,1
204,Electricity Generation,Ministry of Power,National Thermal Power Corporation [NTPC],602184,Rammam-III HEPP [3x40 MW],1382,2865.56,1701.35,60,2019-09-30,2029-09-30,2014-09-10,1
205,Electricity Generation,Ministry of Power,National Hydroelectric Power Corporation Limited [NHPC],605156,Rangit-IV HE Project [120 MW] executed by Jal Power Corporation Ltd. [JPCL] - A wholly owned subsidiary of NHPC Ltd. acquired through NCLT,938,1828.11,1726.66,98,2024-05-29,2026-11-30,2021-03-30,1
209,Electricity Generation,Ministry of Power,National Hydroelectric Power Corporation Limited [NHPC],602096,Subansiri Lower HE Project [2000 MW],6285,26075.5,26575.2,98,2010-09-08,2027-03-31,2003-09-09,1
210,Electricity Generation,Ministry of Power,SJVN Limited,611586,Sunni Dam Hydro Electric Project [382 MW],2615,4555.49,1173.23,35,2028-04-03,2029-12-31,2023-01-12,1
211,Electricity Generation,Ministry of Power,National Thermal Power Corporation [NTPC],602961,Talcher Thermal Power Station Stage III [2 x 660 MW] Expansion,11844,12543.0,7146.85,56,2027-05-31,2028-05-31,2022-08-25,1
212,Electricity Generation,Ministry of Power,National Thermal Power Corporation [NTPC],602185,Tapovan-Vishnugad HEP [4x130 MW],2978,10907.3,7887.36,76,2013-03-31,2029-07-31,2006-11-16,1
213,Electricity Generation,Ministry of Power,National Hydroelectric Power Corporation Limited [NHPC],602181,"TEESTA-VI HE PROJECT, SIKKIM [500 MW], executed by LANCO TEESTA HYDRO POWER LIMITED [A wholly owned Subsidiary of NHPC LTD. acquired through NCLT]",5748,5748.04,4676.46,74,2024-03-07,2029-09-30,2019-03-08,1
215,Electricity Generation,Ministry of Power,THDC India Limited,602195,Vishnugad Pipalkoti Hydro Electric Project [444 MW],3860,6405.08,5906.0,82,2022-12-15,2028-06-30,2008-08-21,1
216,Energy Storage,Ministry of Petroleum & Natural Gas,Indian Oil Corporation Limited [IOCL],604833,"Andheri Residential Towers, Mumbai",281,389.67,294.89,88,2025-05-31,2027-06-30,2017-06-27,1
217,Energy Storage,Ministry of Petroleum & Natural Gas,Indian Oil Corporation Limited [IOCL],617839,Capacity Augmentation of Kandla LPG Import Terminal [KLIT] from 0.6 MMTPA to 2.5 MMTPA,357,304.4,169.74,68,2026-07-31,2026-12-31,2023-05-29,0
218,Energy Storage,Ministry of Petroleum & Natural Gas,Hindustan Petroleum Corporation Limited,709754,"Construction of LPG Facilities at Kamardanga, Assam",156,156.36,116.83,86,2027-07-04,2027-07-04,2023-03-30,1
220,Energy Storage,Ministry of Petroleum & Natural Gas,Indian Oil Corporation Limited [IOCL],604852,"Grass-root Terminal at Mirzapur, Uttar Pradesh",980,980.45,312.19,78,2026-11-30,2026-11-30,2022-09-29,1
221,Energy Storage,Ministry of Petroleum & Natural Gas,Indian Oil Corporation Limited [IOCL],400012,Kandla Gorakhpur LPG Pipeline,10088,10088.0,8598.52,96,2021-12-30,2026-10-30,2018-12-31,0
222,Energy Storage,Ministry of Petroleum & Natural Gas,Indian Oil Corporation Limited [IOCL],400043,Laying of POL Pipelines in Common Corridor for proposed grass root terminal at Vallur [Chennai],829,829.0,388.9,82,2026-05-31,2027-03-31,2022-01-31,0
223,Energy Storage,Ministry of Petroleum & Natural Gas,Indian Oil Corporation Limited [IOCL],617829,LPG Bottling Plant at Mualkhang,226,225.71,33.36,34,2028-10-09,2028-05-31,2024-07-04,0
224,Energy Storage,Ministry of Petroleum & Natural Gas,"Department of Water Resources, River Development & GR",400301,Multi Product Pipeline from Irugur to Devangonthi,678,1732.0,1237.73,88,2017-02-25,2026-09-30,2012-11-09,1
225,Energy Storage,Ministry of Petroleum & Natural Gas,Numaligarh Refinery Limited,701349,Paradip-Numaligarh Crude Oil Pipeline [PNCPL] & Crude Oil Import Terminal [COIT] at Paradip,10228,12407.0,11236.5,94,2024-07-27,2026-10-31,2019-01-28,1
226,Energy Storage,Ministry of Petroleum & Natural Gas,Hindustan Petroleum Corporation Limited,709759,"Petrochemical evacuation marketing terminal at Barmer, Rajasthan",461,461.05,256.76,98,2026-12-06,2026-12-06,2023-12-07,1
227,Energy Storage,Ministry of Petroleum & Natural Gas,Bharat Petroleum Corporation Limited [BPCL],619313,Setting up of 50 MW [plus/minus 5 percent] Wind Power Plant for Captive Consumption at MR,483,483.14,381.29,81,2027-04-30,2027-04-30,2023-05-15,1
228,Energy Storage,Ministry of Petroleum & Natural Gas,Hindustan Petroleum Corporation Limited,709755,"Setting up of new rail fed POL facility at Kamardanga, Assam",384,384.04,254.02,89,2027-07-04,2027-07-04,2023-03-29,1
229,Healthcare,Ministry of Health & Family Welfare,PMSSY AND Institute of NATIONAL Importance,701171,AIIMS Bibinagar,1028,1365.95,1037.55,88,2026-06-30,2026-12-31,2018-12-17,1
231,Healthcare,Ministry of Health & Family Welfare,PMSSY AND Institute of NATIONAL Importance,701167,AIIMS Kashmir at Awantipora Jammu & Kashmir,1828,2570.19,1624.3,80,2025-12-02,2026-12-31,2019-01-10,1
232,Healthcare,Ministry of Health & Family Welfare,Ministry of Health and Family Welfare,701173,AIIMS Majra Rewari Haryana,1299,1646.43,772.62,70,2026-12-31,2026-12-31,2019-02-28,1
234,Healthcare,Ministry of Health & Family Welfare,PMSSY AND Institute of NATIONAL Importance,701168,ALL India Institute of Medical Sciences-AIIMS Madurai,1264,2021.51,567.36,57,2022-08-31,2026-10-31,2018-12-17,1
235,Healthcare,Ministry of Health & Family Welfare,"Medical Education, Ministry of Health and Family Welfare",707022,Establishment of new GMC Chaibasa [Singhbhum],250,454.1,333.1,83,2025-09-09,2026-09-30,2018-06-15,1
236,Healthcare,Ministry of Health & Family Welfare,"Medical Education, Ministry of Health and Family Welfare",707039,Establishment of new GMC Gangtok,250,635.21,667.21,100,2026-12-31,2026-07-01,2018-10-06,1
237,Healthcare,Ministry of Health & Family Welfare,"Medical Education, Ministry of Health and Family Welfare",707070,Establishment of new GMC Hoshiarpur,325,374.75,2.04,5,2028-12-31,,2020-01-27,1
238,Healthcare,Ministry of Health & Family Welfare,"Medical Education, Ministry of Health and Family Welfare",707020,Establishment of new GMC Jamui,250,500.0,103.41,32,2025-10-06,,2019-03-07,1
239,Healthcare,Ministry of Health & Family Welfare,"Medical Education, Ministry of Health and Family Welfare",707046,Establishment of new GMC Kanker,325,325.0,37.1,45,2027-03-31,,2020-02-19,0
240,Healthcare,Ministry of Health & Family Welfare,"Medical Education, Ministry of Health and Family Welfare",707069,Establishment of new GMC Kapurthala,325,550.0,50.0,1,2028-12-31,,2019-11-27,1
241,Healthcare,Ministry of Health & Family Welfare,"Medical Education, Ministry of Health and Family Welfare",707021,Establishment of new GMC Koderma,250,504.8,271.0,40,2026-08-19,,2023-09-05,1
242,Healthcare,Ministry of Health & Family Welfare,"Medical Education, Ministry of Health and Family Welfare",707044,Establishment of new GMC Korba,325,322.85,179.59,56,2026-12-31,,2023-02-24,0
245,Healthcare,Ministry of Health & Family Welfare,"Medical Education, Ministry of Health and Family Welfare",707049,Establishment of new GMC Panchmahal,325,663.5,467.35,98,2026-03-31,,2022-09-20,1
246,Healthcare,Ministry of Health & Family Welfare,"Medical Education, Ministry of Health and Family Welfare",707087,Establishment of new GMC Pithoragarh,325,768.89,470.18,78,2026-12-31,,2021-08-25,1
247,Healthcare,Ministry of Health & Family Welfare,"Medical Education, Ministry of Health and Family Welfare",707050,Establishment of new GMC Porbandar,325,618.98,936.84,81,2024-09-30,,2022-04-05,1
257,Healthcare,Ministry of Labour and Employment,Employee's State Insurance Company [ESIC],612213,"Construction of 200 Bedded ESIC Hospital at Butibori, Nagpur, Maharashtra.",195,196.7,116.22,67,2025-08-31,2026-09-30,2013-10-28,1
258,Healthcare,Ministry of Labour and Employment,Employee's State Insurance Company [ESIC],612259,CONSTRUCTION OF 300 BEDDED HOSPITAL AT HARIDWAR,102,297.63,340.3,92,2024-10-30,2026-07-31,2021-02-22,1
264,Metals & Mining,Ministry of Mines,National Aluminium Company Limited [NALCO],400141,Expansion of Alumina Refinery Plant with addition of 5th Stream having capacity enhancement of 1.0 Million Tonee Per Annum,4103,5677.4,5075.89,96,2022-12-31,2026-06-30,2017-04-21,1
265,Metals & Mining,Ministry of Mines,Hindustan Copper Limited [HCL],400426,Expansion of Malanjkhand Copper Project,1856,3800.0,1059.82,32,2020-04-30,2029-03-31,2011-09-30,1
266,Metals & Mining,Ministry of Mines,National Aluminium Company Limited [NALCO],400299,Pottangi Bauxite Mines Project,1381,1960.77,770.37,52,2025-03-31,2026-11-30,2018-05-14,1
268,Metals & Mining,Ministry of Steel,National Mineral Development Corporation Limited [NMDC],615202,Capacity expansion of Deposit-14 and 14 NMZ at Kirandul,1700,1756.2,303.01,25,2028-12-31,2028-03-27,2021-08-12,1
272,Oil & Gas,Ministry of Petroleum & Natural Gas,Hindustan Petroleum Corporation Limited,400171,2G Ethanol Biorefinery at Bathinda,1421,1421.46,1297.86,96,2023-02-18,2026-12-31,2020-05-19,1
274,Oil & Gas,Ministry of Petroleum & Natural Gas,Gas Authority of India Limited [GAIL],400168,"500 KTA PDHPP Project, Usar",8797,11256.0,8971.88,92,2025-04-08,2027-06-30,2021-04-08,1
276,Oil & Gas,Ministry of Petroleum & Natural Gas,Bharat Petroleum Corporation Limited [BPCL],617822,ATF Pipeline from BPCLs Malkapur POL Installation to Hyderabad International airport,215,215.0,47.5,34,2027-09-24,2027-09-30,2025-03-06,0
277,Oil & Gas,Ministry of Petroleum & Natural Gas,Bharat Petroleum Corporation Limited [BPCL],617838,Augmentation of CCKPL and IDPL Pipelines capacity along with setting up of Palakkad TOP,1130,1130.0,340.39,51,2028-08-31,2028-08-31,2024-09-12,0
278,Oil & Gas,Ministry of Petroleum & Natural Gas,Gas Authority of India Limited [GAIL],619224,Augmentation of DUPL-DPPL Pipeline,844,844.0,1.6,20,2028-03-22,2028-03-22,2025-06-23,0
279,Oil & Gas,Ministry of Petroleum & Natural Gas,Indian Oil Corporation Limited [IOCL],709786,"Augmentation/ Revamping of Dimapur Depot, Dimapur",228,227.62,28.65,44,2027-11-30,2027-11-30,2023-08-18,0
280,Oil & Gas,Ministry of Petroleum & Natural Gas,Indian Oil Corporation Limited [IOCL],709776,Augmentation/Revamping of Facilities at existing Guwahati Terminal at Betkuchi,277,323.09,237.33,85,2026-09-30,2026-09-30,2022-04-06,1
281,Oil & Gas,Ministry of Petroleum & Natural Gas,Indian Oil Corporation Limited [IOCL],701324,Barauni Refinery Capacity Expansion from 6.0 to 9.0 MMTPA,14810,16724.0,13221.0,92,2023-04-30,2026-12-31,2020-01-30,1
282,Oil & Gas,Ministry of Petroleum & Natural Gas,Oil and Natural Gas Corporation Limited [ONGC],709850,Borholla GGS Life Extension Project [BLEP],199,198.7,110.99,64,2026-05-16,2027-03-31,2023-09-18,0
283,Oil & Gas,Ministry of Petroleum & Natural Gas,Bharat Petroleum Corporation Limited [BPCL],619312,Bulk Loading Hub- Kanpur,186,186.0,107.8,65,2027-09-30,2027-09-30,2025-09-26,0
284,Oil & Gas,Ministry of Petroleum & Natural Gas,Gas Authority of India Limited [GAIL],617830,C2/C3 Vijaipur Pata Pipeline,1792,1792.0,550.5,75,2027-01-15,2027-01-15,2024-05-16,0
286,Oil & Gas,Ministry of Petroleum & Natural Gas,Indian Oil Corporation Limited [IOCL],709779,Capacity Expansion of Digboi Refinery from 0.65 to 1.0 MMTPA,768,740.0,250.84,61,2026-03-08,2027-07-31,2022-06-28,0
287,Oil & Gas,Ministry of Petroleum & Natural Gas,Indian Oil Corporation Limited [IOCL],701289,Capacity Expansion of Panipat Refinery from 15 to 25 MMTPA,34627,36225.0,28279.5,95,2024-09-30,2026-12-31,2021-02-26,1
288,Oil & Gas,Ministry of Petroleum & Natural Gas,Chennai Petroleum Corporation Limited [CPCL],604795,CBR 9 MMTPA Project,31580,36354.0,1615.53,10,2025-06-02,2028-10-31,2021-09-03,1
289,Oil & Gas,Ministry of Petroleum & Natural Gas,Indian Oil Corporation Limited [IOCL],619196,Change of service of existing Mundra-Panipat Pipeline [Panipat - Churwa section] from Crude oil to Product,359,359.0,58.24,46,2027-04-30,2027-04-30,2025-05-30,0
290,Oil & Gas,Ministry of Petroleum & Natural Gas,GAIL Gas,617818,"City Gas Distribution [CGD] Project in Gajapati, Kandhamal, Boudh, & Sonepur GA",515,514.91,25.77,6,2031-12-31,2031-12-31,2022-02-28,0
291,Oil & Gas,Ministry of Petroleum & Natural Gas,GAIL Gas,617819,"City Gas Distribution [CGD] Project in Kondagaon, Bastar, Sukma, Narayanpur, Bijapur & Dantewada GA",557,557.04,11.63,2,2030-06-12,2030-06-12,2022-06-13,1
292,Oil & Gas,Ministry of Petroleum & Natural Gas,Gas Authority of India Limited [GAIL],701338,City Gas Distribution Maharashtra Natural Gas Limited,5535,5535.0,4537.07,47,2031-06-08,2031-06-08,2006-01-13,0
293,Oil & Gas,Ministry of Petroleum & Natural Gas,Indian Oil Corporation Limited [IOCL],709771,"City Gas Distribution Project at Beed, Jalgaon and Jalna Districts",865,865.0,89.81,3,2031-09-30,2031-09-30,2022-03-15,0
294,Oil & Gas,Ministry of Petroleum & Natural Gas,Indian Oil Corporation Limited [IOCL],709772,"City Gas Distribution Project at East Mednipore, West Mednipore & Jhargram Districts",609,609.0,64.84,3,2031-06-30,2031-06-30,2022-03-23,0
295,Oil & Gas,Ministry of Petroleum & Natural Gas,Indian Oil Corporation Limited [IOCL],709773,"City Gas Distribution Project at Jammu, Udhampur, Reasi, Samba and Kathua Districts",538,538.0,4.47,1,2034-09-30,2034-09-30,2022-03-15,0
296,Oil & Gas,Ministry of Petroleum & Natural Gas,Indian Oil Corporation Limited [IOCL],709770,City Gas Distribution Project at Pathankot District,151,151.0,9.05,2,2033-09-30,2033-09-30,2022-03-29,0
297,Oil & Gas,Ministry of Petroleum & Natural Gas,Bharat Petroleum Corporation Limited [BPCL],709791,City Gas Distribution Projects at Alipurduar and Cooch Behar,1017,1017.0,246.55,44,2030-03-31,2030-03-31,2022-12-21,0
298,Oil & Gas,Ministry of Petroleum & Natural Gas,Bharat Petroleum Corporation Limited [BPCL],709792,"City Gas Distribution Projects at Darbhanga, Madhubani, Supaul, Sitamarhi and Sheohar districts",3638,3638.0,508.68,34,2030-03-31,2030-03-31,2022-12-21,0
299,Oil & Gas,Ministry of Petroleum & Natural Gas,Bharat Petroleum Corporation Limited [BPCL],709794,"City Gas Distribution Projects at Fazilka [except area already authorized], Ganganagar and Hanumangarh districts",3207,3207.0,431.76,32,2030-06-30,2030-06-30,2022-12-21,0
300,Oil & Gas,Ministry of Petroleum & Natural Gas,Bharat Petroleum Corporation Limited [BPCL],709793,"City Gas Distribution Projects at Gopalganj, Siwan, West Champaran, East Champaran and Deoria districts",3919,3919.0,534.37,30,2030-06-30,2030-06-30,2022-12-21,0
301,Oil & Gas,Ministry of Petroleum & Natural Gas,Bharat Petroleum Corporation Limited [BPCL],709795,"City Gas Distribution Projects at Lakhimpur Kheri , Sitapur, Bahraich, Shravasti,Balrampur, Siddharth Nagar & Maharajganj districts",16654,16654.0,763.51,20,2030-06-30,2030-06-30,2022-12-21,0
302,Oil & Gas,Ministry of Petroleum & Natural Gas,Bharat Petroleum Corporation Limited [BPCL],709796,City Gas Distribution Projects at the Nilgiris and Erode districts,3685,3685.0,322.83,26,2030-03-31,2030-03-31,2022-12-21,0
303,Oil & Gas,Ministry of Petroleum & Natural Gas,Numaligarh Refinery Limited,617836,Coke Drum Structure Package,635,635.28,506.82,76,2025-12-31,2026-12-31,2022-12-20,1
304,Oil & Gas,Ministry of Petroleum & Natural Gas,Oil and Natural Gas Corporation Limited [ONGC],709838,Commercial Polymer Flooding Project in Bechraji field,621,739.02,283.6,50,2024-11-30,2027-05-31,2022-01-21,1
305,Oil & Gas,Ministry of Petroleum & Natural Gas,Indian Oil Corporation Limited [IOCL],709780,Construction of Additional Tankages and Allied Facilities at JNPT Terminal,341,436.14,305.01,73,2026-08-31,2027-12-31,2022-04-19,1
306,Oil & Gas,Ministry of Petroleum & Natural Gas,Oil India Limited,616858,"Construction of Field Gas Gathering Station at Baghjan area for collection, processing & transportation of natural Gas to be produced from Baghjan Field",431,430.76,348.65,97,2024-03-31,2026-11-30,2020-12-29,0
307,Oil & Gas,Ministry of Petroleum & Natural Gas,Oil and Natural Gas Corporation Limited [ONGC],709837,"Creation of Gas Dehydration Facilities, Tripura Asset",209,131.51,81.31,72,2024-05-31,2026-10-31,2022-03-08,0
308,Oil & Gas,Ministry of Petroleum & Natural Gas,Bharat Petroleum Corporation Limited [BPCL],709800,"CUF POL Depot at Sadashibpur [Meramundali], Odisha",394,393.54,237.3,87,2026-03-31,2026-09-30,2021-04-21,0
309,Oil & Gas,Ministry of Petroleum & Natural Gas,Oil and Natural Gas Corporation Limited [ONGC],709839,Daman Upside Development Project,4144,6406.9,6302.5,93,2025-10-31,2026-12-31,2022-06-29,1
310,Oil & Gas,Ministry of Petroleum & Natural Gas,Numaligarh Refinery Limited,709864,DCU Revamp Project,370,370.0,315.57,83,2024-07-17,2027-03-31,2021-08-05,0
311,Oil & Gas,Ministry of Petroleum & Natural Gas,Mangalore Refinery and Petrochemicals Limited,616879,Demo Bio-ATF Project,364,364.0,102.06,60,2027-01-16,2027-01-16,2024-03-22,0
313,Oil & Gas,Ministry of Petroleum & Natural Gas,Oil and Natural Gas Corporation Limited [ONGC],610984,Development of Jharia CBM Block [Phase-1],431,431.0,268.74,66,2024-01-21,2026-09-30,2019-11-21,0
314,Oil & Gas,Ministry of Petroleum & Natural Gas,Oil India Limited,604863,Development of Surface Facilities for production and evacuation of Crude Oil and Natural Gas from Nadua and East Khagorija,683,726.93,601.12,95,2020-02-29,2026-12-31,2018-01-10,1
315,Oil & Gas,Ministry of Petroleum & Natural Gas,Gas Authority of India Limited [GAIL],701344,Dhamra Haldia Pipeline Project,1031,1125.0,929.0,94,2022-11-07,2026-09-30,2020-03-03,1
317,Oil & Gas,Ministry of Petroleum & Natural Gas,Gas Authority of India Limited [GAIL],617302,Durgapur - Haldia Pipeline [Section-3B of JHBDPL Project],1740,2583.0,2392.6,96,2020-12-31,2026-09-30,2017-03-01,1
318,Oil & Gas,Ministry of Petroleum & Natural Gas,Bharat Petroleum Corporation Limited [BPCL],709798,Ethylene Cracker Project at Bina Refinery including downstream Petrochemical Plants and expansion of Refinery,43367,43367.0,6688.5,37,2028-05-31,2028-05-31,2023-05-15,0
320,Oil & Gas,Ministry of Petroleum & Natural Gas,Oil India Limited,619316,"Group Gathering Station, Lakwagaon",496,495.59,39.97,20,2027-10-23,2027-10-23,2025-10-09,0
322,Oil & Gas,Ministry of Petroleum & Natural Gas,Gas Authority of India Limited [GAIL],612853,Gurdaspur Jammu Pipeline,522,521.9,349.2,92,2026-07-11,2026-09-30,2023-07-12,0
323,Oil & Gas,Ministry of Petroleum & Natural Gas,Hindustan Petroleum Corporation Limited,709752,HP-COAT [Crude to Olefins and Aromatics Technology] demo unit at Visakh Refinery,160,220.0,159.74,94,2024-06-30,2027-02-28,2021-09-23,1
324,Oil & Gas,Ministry of Petroleum & Natural Gas,Indian Oil Corporation Limited [IOCL],604853,"Indian Oil Technology Development and Deployment Centre at R&D Campus-II, Faridabad",2282,3200.0,1922.1,66,2022-12-31,2027-07-31,2019-06-27,1
325,Oil & Gas,Ministry of Petroleum & Natural Gas,Indian Oil Corporation Limited [IOCL],709777,Installation of Bitumen Manufacturing Unit along with allied facilities at Barauni Refinery,389,410.3,128.43,69,2025-04-30,2027-06-30,2022-01-31,1
326,Oil & Gas,Ministry of Petroleum & Natural Gas,Gas Authority of India Limited [GAIL],619225,Installation of Compression facility at GAIL Usar,260,260.2,0.0,0,2027-04-08,2027-04-08,2025-04-09,1
327,Oil & Gas,Ministry of Petroleum & Natural Gas,Indian Oil Corporation Limited [IOCL],709783,"Installation of Multiple Effect Evaporator [MEE] for ETP-1, 2 & 4 of Panipat Refinery and Petrochemical Complex.",165,247.69,197.46,93,2023-06-30,2026-10-31,2020-12-22,1
328,Oil & Gas,Ministry of Petroleum & Natural Gas,Indian Oil Corporation Limited [IOCL],709778,Installation of new Biturox Unit along with allied facilities at Gujarat Refinery,328,344.36,225.29,89,2025-08-08,2026-12-31,2022-01-31,1
329,Oil & Gas,Ministry of Petroleum & Natural Gas,Oil and Natural Gas Corporation Limited [ONGC],709851,Integrated Development of 4 Contract Areas under DSF-II,6184,6183.79,2053.0,49,2027-04-30,2027-04-30,2023-05-26,0
330,Oil & Gas,Ministry of Petroleum & Natural Gas,Indian Oil Corporation Limited [IOCL],604859,Integrated Para Xylene [PX] and Purified Terephthalic Acid [PTA] Project at Paradip Refinery,13805,11783.0,8995.0,95,2024-01-31,2026-09-30,2020-07-31,0
331,Oil & Gas,Ministry of Petroleum & Natural Gas,Oil and Natural Gas Corporation Limited [ONGC],709842,"Kalol Redevelopment Project, Ahmedabad Asset",1487,1487.41,946.45,67,2027-03-31,2027-03-31,2022-08-30,1
332,Oil & Gas,Ministry of Petroleum & Natural Gas,Bharat Petroleum Corporation Limited [BPCL],619191,Kanpur LPG Bottling Plant,202,202.0,133.17,65,2027-09-30,2027-09-30,2025-09-26,0
333,Oil & Gas,Ministry of Petroleum & Natural Gas,Oil and Natural Gas Corporation Limited [ONGC],400120,KG-DWN-98/2 Cluster - II Development Project - NELP Block,34012,34012.0,33198.8,97,2020-06-30,2026-09-30,2016-03-28,0
334,Oil & Gas,Ministry of Petroleum & Natural Gas,Gas Authority of India Limited [GAIL],701228,Kochi - Koottanad - Bangalore - Mangalore Pipeline Phase-II,2915,5909.0,4897.9,98,2012-12-31,2026-09-30,2009-06-22,1
335,Oil & Gas,Ministry of Petroleum & Natural Gas,Indian Oil Corporation Limited [IOCL],709785,Laying of Natural Gas Pipeline from Hazaribagh to Ranchi [HRPL],202,202.07,66.68,59,2026-02-08,2027-03-31,2023-02-09,1
336,Oil & Gas,Ministry of Petroleum & Natural Gas,Chennai Petroleum Corporation Limited [CPCL],709750,Laying of new 28 inch Desal Water Pipeline and 10 inch Reject Water Pipeline between CPCL Manali Refinery and CPCL Desalination plant at Ennore,205,205.0,117.98,79,2025-09-21,2026-12-31,2024-01-22,0
337,Oil & Gas,Ministry of Petroleum & Natural Gas,Oil and Natural Gas Corporation Limited [ONGC],400119,Life Extension of 48 well platforms of Mumbai High & Heera Fields,3191,3375.9,3123.2,90,2018-04-30,2026-10-31,2015-12-22,1
338,Oil & Gas,Ministry of Petroleum & Natural Gas,Hindustan Petroleum Corporation Limited,616933,Lube Modernization & Bottom Upgradation Project at Mumbai Refinery,4679,6008.0,326.17,16,2028-03-16,2029-08-31,2024-12-16,1
339,Oil & Gas,Ministry of Petroleum & Natural Gas,Indian Oil Corporation Limited [IOCL],701330,Mehsana-Bhatinda & Bhatinda-Jammu Natural Gas Pipeline,7392,7392.0,6365.13,90,2024-06-30,2027-03-31,2011-07-07,0
340,Oil & Gas,Ministry of Petroleum & Natural Gas,Oil and Natural Gas Corporation Limited [ONGC],709848,MHN TCPP PGC BGC Project [MTPBP],2329,2354.23,1940.25,96,2026-05-19,2026-12-31,2022-06-29,1
341,Oil & Gas,Ministry of Petroleum & Natural Gas,Indradhanush Gas Grid Limited,701346,North East Gas Grid,9265,9265.0,7011.75,89,2024-03-31,2028-03-31,2020-04-01,0
342,Oil & Gas,Ministry of Petroleum & Natural Gas,Numaligarh Refinery Limited,604791,Numaligarh Refinery Expansion Project,12366,25313.0,20845.8,88,2024-07-27,2027-03-31,2020-07-27,1
344,Oil & Gas,Ministry of Petroleum & Natural Gas,Oil and Natural Gas Corporation Limited [ONGC],709841,Old Pipe Line Replacement [OPRP] Group-A,173,169.84,168.22,95,2025-07-18,2026-11-16,2021-07-01,0
345,Oil & Gas,Ministry of Petroleum & Natural Gas,Oil and Natural Gas Corporation Limited [ONGC],619328,ONGC-BP Redevelopment Phase-1 Scheme of Mumbai High Field,3713,3908.0,2461.06,56,2027-03-31,2027-03-31,2025-11-25,1
346,Oil & Gas,Ministry of Petroleum & Natural Gas,Bharat Petroleum Corporation Limited [BPCL],619223,Petro Resid Fluidized Catalytic Cracking [PRFCC] Unit and its associated facilities at Mumbai Refinery,13626,13626.0,109.0,8,2029-09-30,2029-09-30,2025-05-30,0
347,Oil & Gas,Ministry of Petroleum & Natural Gas,Indian Oil Corporation Limited [IOCL],701329,Petrochemical and Lube Integration Project at Gujarat Refinery,18936,17825.0,13954.3,90,2024-08-31,2026-11-30,2020-09-21,0
348,Oil & Gas,Ministry of Petroleum & Natural Gas,Oil and Natural Gas Corporation Limited [ONGC],709847,Pipeline Network Project Rudrasagar,481,481.03,238.83,55,2026-04-27,2027-04-30,2023-01-27,1
349,Oil & Gas,Ministry of Petroleum & Natural Gas,Oil India Limited,617827,"Pipeline Rehabilitation Project, Phase-II",680,680.0,13.78,30,2029-12-17,2029-12-17,2024-12-18,0
350,Oil & Gas,Ministry of Petroleum & Natural Gas,Oil and Natural Gas Corporation Limited [ONGC],619314,Pipeline Replacement Project- PRP-IX,3472,3471.72,1250.0,29,2027-05-15,2027-05-15,2025-08-21,0
352,Oil & Gas,Ministry of Petroleum & Natural Gas,Bharat Petroleum Corporation Limited [BPCL],709797,POL & LOBS Installations with Receipt Pipelines at Rasayani,2585,2585.0,1565.53,92,2026-05-31,2026-09-30,2023-05-15,0
353,Oil & Gas,Ministry of Petroleum & Natural Gas,Indian Oil Corporation Limited [IOCL],611917,Poly Butadiene Rubber plant at Panipat,1459,2531.44,1570.15,91,2025-03-31,2026-12-31,2022-03-16,1
354,Oil & Gas,Ministry of Petroleum & Natural Gas,Numaligarh Refinery Limited,709865,Power Recovery Turbine [PRT] in PFCCU unit as an Energy Conservation Scheme,294,293.5,81.84,99,2024-12-31,2026-12-31,2023-04-12,0
355,Oil & Gas,Ministry of Petroleum & Natural Gas,Mangalore Refinery and Petrochemicals Limited,612790,Power System Upgradation Project,385,385.0,273.54,92,2025-11-17,2026-09-30,2023-10-30,0
356,Oil & Gas,Ministry of Petroleum & Natural Gas,Hindustan Petroleum Corporation Limited,619226,Provision of four bitumen tanks with capacity of 5 TMT each at Visakh Refinery,258,258.34,11.76,23,2028-03-24,2028-03-24,2025-09-24,1
357,Oil & Gas,Ministry of Petroleum & Natural Gas,Oil and Natural Gas Corporation Limited [ONGC],616950,PRP-VIII [Group-A],1589,1589.4,663.0,61,2026-02-28,2027-03-31,2024-09-05,1
358,Oil & Gas,Ministry of Petroleum & Natural Gas,Oil and Natural Gas Corporation Limited [ONGC],709849,PRP-VIII Group B [NH & BS Asset],2547,3348.6,3003.9,99,2026-02-28,2026-12-31,2024-06-20,1
359,Oil & Gas,Ministry of Petroleum & Natural Gas,Oil and Natural Gas Corporation Limited [ONGC],400169,Redevelopment of Linch Field,631,845.42,635.9,94,2025-03-31,2026-10-31,2021-04-23,1
360,Oil & Gas,Ministry of Petroleum & Natural Gas,Oil and Natural Gas Corporation Limited [ONGC],400167,Redevelopment of Santhal Field [Onshore-Mehsana Asset],1163,1162.56,1131.85,97,2026-03-31,2026-12-31,2017-02-23,0
361,Oil & Gas,Ministry of Petroleum & Natural Gas,Oil and Natural Gas Corporation Limited [ONGC],400087,Redevelopment of Sobhasan Complex,886,1347.61,1131.85,97,2027-03-31,2027-03-31,2021-08-13,1
362,Oil & Gas,Ministry of Petroleum & Natural Gas,Oil and Natural Gas Corporation Limited [ONGC],709840,"Restoration of Gas Terminal, Phase-I [Part-A], Hazira",249,249.43,219.56,98,2025-02-10,2026-09-30,2022-05-27,1
363,Oil & Gas,Ministry of Petroleum & Natural Gas,Indian Oil Corporation Limited [IOCL],709781,Revamping / Augmentation of Facilities at Mathura Bitumen Plant,260,260.12,25.84,59,2027-06-30,2027-06-30,2022-04-19,1
364,Oil & Gas,Ministry of Petroleum & Natural Gas,Oil and Natural Gas Corporation Limited [ONGC],709845,"Revamping of SV Stations, Gas Terminal & Kribhco Terminal",837,1119.86,531.84,72,2026-08-31,2028-02-22,2022-11-30,1
365,Oil & Gas,Ministry of Petroleum & Natural Gas,Indian Oil Corporation Limited [IOCL],709774,Revamping/ Augmentation of facilities at existing port terminal at Mangalore,463,500.62,332.16,86,2025-12-31,2027-06-30,2022-01-31,1
368,Oil & Gas,Ministry of Petroleum & Natural Gas,Bharat Petroleum Corporation Limited [BPCL],617304,"Setting up of LPG Plant with Rail Unloading Facility at Hathua, Dist. Gopalganj, Bihar",340,340.15,191.0,56,2027-03-01,2027-03-01,2023-10-27,1
369,Oil & Gas,Ministry of Petroleum & Natural Gas,Bharat Petroleum Corporation Limited [BPCL],709799,Setting up Polypropylene Unit at Kochi Refinery,4460,4850.0,1077.5,50,2027-10-31,2027-11-30,2023-12-19,1
370,Oil & Gas,Ministry of Petroleum & Natural Gas,Numaligarh Refinery Limited,617837,Siliguri Marketing Terminal [SMT] Capacity Augmentation Project,484,484.0,321.23,90,2025-12-31,2026-10-31,2021-11-08,0
371,Oil & Gas,Ministry of Petroleum & Natural Gas,Indian Oil Corporation Limited [IOCL],617828,Siliguri-Jhapa Pipeline Project,267,267.0,3.4,18,2029-08-31,2029-08-31,2024-09-30,0
373,Oil & Gas,Ministry of Petroleum & Natural Gas,Hindustan Petroleum Corporation Limited,616254,Visakh Raipur Pipeline Project,2212,2212.0,576.0,40,2027-09-10,2027-09-10,2024-09-11,0
375,Railways,Ministry of Coal,Railway,400203,Dharamjaigarh-Korba,1686,2438.53,792.73,44,2026-12-31,2026-08-31,2018-05-22,1
376,Railways,Ministry of Coal,Ministry of Coal,400416,Shivpur-Kathautia New Rail [BG] Line [49 km] [Package II of Tori-Shivpur-Kathautia line],1800,2564.34,1784.77,72,2025-06-30,2027-06-30,2018-02-27,1
380,Railways,Ministry of Railways,CAO/C/SER SER mor,616227,3rd line between Chandil - Anara- Damodar section 121.26 km,1932,1932.01,10.27,0,2029-09-30,,2024-09-09,1
381,Railways,Ministry of Railways,CAOC/SECR SECR mor,709815,4th line - Bhatapara-Hathband 8.8 km PB72/NR/2022-23,177,177.03,21.08,3,2027-01-31,2027-12-31,2022-09-30,1
382,Railways,Ministry of Railways,CAOC/SECR SECR mor,709816,4th line - Bhilai-Bhilai nagar 8.8 km PB72/NR/2022-23,177,177.34,39.39,3,2027-02-28,2027-02-28,2022-09-30,1
383,Railways,Ministry of Railways,CAOC/SECR SECR mor,709817,4th line - Dadhapara-Belha 9.2 km PB72/NR/2022-23,169,169.06,65.72,10,2026-11-30,2026-11-26,2022-09-15,1
384,Railways,Ministry of Railways,CAOC/SECR SECR mor,709818,4th line - Rajnandgaon-Dongarhgarh 31.2 km PB72/NR/2022-23,328,328.34,101.52,5,2027-01-31,2027-01-31,2022-09-12,1
385,Railways,Ministry of Railways,CAOC/CR CR mor,705356,Ahmednagar - Beed - Parli - Vaijnath New Broad Gauge Line Railway Project [261.3 km],2539,5942.48,5084.82,93,2026-12-31,2026-03-31,1997-02-21,1
386,Railways,Ministry of Railways,CAOC/NWR NWR mor,616843,Ajmer-Chanderiya section 178.28 km Umbrella work PB57/2019-20/NR,1635,1634.79,560.17,23,2027-06-30,2028-03-31,2024-02-19,0
387,Railways,Ministry of Railways,CONSTRUCTION / NE-RAILWAY,617252,Anand Nagar - Ghughuli via Maharajganj 53.37 km,958,1501.1,894.1,14,2028-03-21,,2023-08-25,1
388,Railways,Ministry of Railways,CAOC/NR NR mor,705583,Anand Vihar-Tilak Bridge - 3rd & 4th line 9.77 km,667,701.88,400.84,23,2023-03-31,2027-12-31,2012-06-06,1
389,Railways,Ministry of Railways,CAO/Con/North/MHX ECR mor,705368,Araria-Supaul 92 km,1605,2621.05,2179.84,40,2024-03-31,2027-01-31,2009-08-20,1
391,Railways,Ministry of Railways,CAOC/SWR SWR mor,705495,Bagalkot-Kudachi 142 km,1378,1710.44,808.19,35,2027-03-31,2027-01-31,2010-02-18,1
392,Railways,Ministry of Railways,CAOC/NER NER mor,400204,"Bahraich - Khalilabad via Bhinga, Shravasti, Balrampur, Utraula, Domriyaganj, Mehdawal, Bansi 240.26 km",4940,4939.78,1767.82,16,2030-10-30,2030-10-31,2018-10-31,0
393,Railways,Ministry of Railways,M.D/KRIDE SWR mor,703586,Baiyyappanahalli-Hosur 48 km,499,1160.0,700.64,85,2024-12-31,2026-01-31,2019-04-01,1
394,Railways,Ministry of Railways,CPM/GS/SBC SWR mor,705663,Bangalore-Whitefield-Bangalore City-Krishnarajapuram 23.08 km - Quadrupling,493,717.54,459.94,70,2026-02-28,2026-02-28,2018-03-20,1
396,Railways,Ministry of Railways,CAO/C-II/NR NR mor,705782,Barabanki-Malhaur - 3rd & 4th Line 32.84 km,407,480.13,444.86,77,2025-03-31,2026-08-31,2019-01-31,1
397,Railways,Ministry of Railways,CAOC/CR CR mor,705357,Baramati - Lonand 54 km,138,1790.5,1160.74,60,2027-03-31,2027-03-31,1999-02-04,1
398,Railways,Ministry of Railways,CAO/Con/North/MHX ECR mor,706860,Barauni-Bachwara 16 km - 3rd & 4th line incl Barauni yard remodelling 32 km Umbrella work PB57/2019-20/NR,645,485.58,237.7,38,2025-08-01,2026-10-31,2022-10-07,0
399,Railways,Ministry of Railways,CAOCWR WR mor,612072,Barejadi Nandej Geratpur - Sanand - 4th line 38.20 km,962,961.67,569.92,25,2027-03-31,2028-07-31,2023-02-03,0
400,Railways,Ministry of Railways,CAO/C/ECOR ECoR mor,705510,Bhadrak-Nergundi - 3rd line 80 km,1284,1600.0,1404.45,85,2024-11-30,2026-01-31,2012-03-06,1
401,Railways,Ministry of Railways,CAO/C/NCR NCR mor,705777,Bhandai - Flyover for Etawah bound down trains 10 km,250,250.18,147.35,11,2026-02-28,2027-02-28,2019-04-01,1
402,Railways,Ministry of Railways,CMD / RVNL RVNL mor,705780,Bhatni - Aunrihar with electrification 125 km excl Indara - Mau 116.95 km,2529,2529.46,2296.77,94,2024-03-31,2026-06-30,2018-03-01,1
403,Railways,Ministry of Railways,CAO/C/SER SER mor,705628,Bondamunda - Ranchi 158.50 km,3029,3029.04,2706.77,95,2025-06-30,2026-06-30,2016-03-31,1
404,Railways,Ministry of Railways,CAOC/SECR SECR mor,706854,Boridand-Ambikapur 118.81 km Umbrella work PB57/2019-20/NR,1376,1576.72,512.14,38,2030-06-30,2030-06-30,2022-06-08,1
405,Railways,Ministry of Railways,CAO/C/ECOR ECoR mor,400232,Brundamal - Jharsuguda - Fly-over connection for joining down line 6.6 km,297,296.51,49.63,55,2026-12-31,2026-12-26,2014-01-30,0
406,Railways,Ministry of Railways,CAO/C/ECOR ECoR mor,705515,Budhapank-Salegaon via Rajatgarh - 3rd & 4th line 85 85 km,1173,3034.8,2226.1,86,2026-03-31,2026-03-31,2015-12-08,1
408,Railways,Ministry of Railways,CAOC/NER NER mor,705567,Burhwal - Gonda - 3rd line 61.72 km,1016,1307.62,795.57,100,2025-03-25,2026-05-30,2017-11-10,1
409,Railways,Ministry of Railways,CAOC/CR CR mor,617364,Central Railway - Double chord line between Nilaje and Kopar 4.495 km PB34/CR/2023-24,338,205.0,58.47,15,2028-07-26,,2023-07-27,0
410,Railways,Ministry of Railways,CAOC/NR NR mor,705424,Chandigarh-Baddi 33.23 km,1540,1942.17,1103.12,48,2026-12-31,2026-12-31,2018-02-15,1
411,Railways,Ministry of Railways,CAOC/SWR SWR mor,706865,Chandorgaon-Cansaulim rail flyover 16 km Umbrella work PB57/2019-20/NR,1892,1892.0,0.0,0,2031-03-31,,,0
412,Railways,Ministry of Railways,CONSTRUCTION / NE-RAILWAY,705562,Chhapra-Ballia - Patch doubling 65 km,963,1010.84,1008.54,95,2025-02-25,2026-05-30,2013-03-01,1
413,Railways,Ministry of Railways,CAOCWR WR mor,705454,Chhota Udepur-Dhar 157 km,1794,1993.65,1861.88,58,2025-12-27,2025-12-27,2007-02-22,1
416,Railways,Ministry of Railways,CAOCWR WR mor,705453,"Dahod-Indore via Sardarpur, Jhabua & Dhar 200.97 km incl. material modification for change in alignment via Amjhera 4.82 km",456,9217.23,4565.59,57,2027-02-28,2027-02-28,2012-06-19,1
417,Railways,Ministry of Railways,CAOC/CR CR mor,705504,Daund - Manmad 247.50 km,2081,3554.74,3270.66,95,2025-12-01,2026-03-31,2017-10-04,1
418,Railways,Ministry of Railways,CAOC/NWR NWR mor,706836,Dedicatedtest track for RDSO Phase-2 34 km Umbrella work PB22/2019-20/NR,466,619.19,586.33,98,2026-11-30,,2021-11-18,1
419,Railways,Ministry of Railways,CAO/C-1/NFR NFR mor,705392,Dimapur-Kohima 88 km,6663,15310.2,6891.03,48,2025-03-26,2029-12-31,2006-11-30,1
420,Railways,Ministry of Railways,CAOC/NWR NWR mor,611884,Doubling between Bhiwani - Dobh Bahali PB73/2023-24/NR,471,471.0,350.86,78,2027-06-30,2028-02-28,2023-02-27,0
421,Railways,Ministry of Railways,CAO/C/SCoR SCoR mor,611752,Doubling between Gooty-Pendakallu 29.225 km PB73/2023-24/NR,352,351.83,157.67,45,2027-03-31,2027-03-27,2023-03-23,0
422,Railways,Ministry of Railways,CAOC/NR NR mor,617370,Doubling between Jaunpur Jn - Zaffarabad 6.28 km PB73/2023-24/NR,181,237.38,79.74,22,2027-01-31,,2023-03-29,1
426,Railways,Ministry of Railways,CAO/CN/ERS SR mor,705639,Ernakulam-Kumbalam - Patch doubling 7.71 km,601,827.5,313.99,25,2028-03-31,2027-02-28,2023-04-03,1
427,Railways,Ministry of Railways,CAO/Con/South/MHX ECR mor,705373,Fatuah-Islampur incl. material modification for extension of new line from Neora to Daniawan Daniawan to Biharsharif Biharsharif to Barbigha Barbigha to Sheikhpura,1473,3259.35,3044.61,95,2023-03-31,2025-08-31,2002-08-19,1
430,Railways,Ministry of Railways,CAOC/SWR SWR mor,705490,Gadag - Wadi 257.26 km,2842,3668.17,2324.01,35,2027-03-31,2027-12-31,2013-04-01,1
431,Railways,Ministry of Railways,CAO/Con/South/MHX ECR mor,705765,Gomoh - Flyover for down trains 20 km,686,686.03,543.45,65,2026-03-26,2026-03-26,2018-01-29,1
433,Railways,Ministry of Railways,CAOC/NWR NWR mor,705752,Gudha-Thathana Mithri - Construction of dedicated test track for testing and trial of rolling stocks and infrastructure components umbrella work PB23/2018-19/NR,819,540.0,326.2,95,2026-11-30,2026-11-30,2019-04-01,0
434,Railways,Ministry of Railways,CAO/C/ECOR ECoR mor,616839,Gunupur - Therubali new line 73.62 km,1166,1165.73,2.55,0,2029-12-31,,2024-08-19,0
435,Railways,Ministry of Railways,CAO/C/NCR NCR mor,705419,Gwalior-Sheorpurkalan with extension to Kota 284 km,2913,3947.0,3112.88,91,2025-03-31,2026-02-28,2010-02-19,1
436,Railways,Ministry of Railways,CAO/Con/North/MHX ECR mor,705366,Hajipur-Sagauli via Vaishali 148.3 km,2067,3991.33,2889.67,74,2020-03-31,2027-06-30,2007-10-05,1
437,Railways,Ministry of Railways,CAOC/SWR SWR mor,705493,Hubli-Ankola 167 km,5174,533.32,186.31,10,2005-03-31,2030-03-31,1999-01-01,0
438,Railways,Ministry of Railways,CAOC/CR CR mor,705507,Itarsi-Nagpur bal. 280 km,2450,2509.24,2318.11,55,2027-03-31,2027-12-31,2016-09-02,1
439,Railways,Ministry of Railways,CAO/C/ECOR ECoR mor,705511,Jagdalpur-Koraput 110.22 km,1547,1547.38,1391.95,90,2024-03-31,2026-12-31,2015-12-04,1
440,Railways,Ministry of Railways,CAO/C-II/NR NR mor,705588,Janghai - Pratapgarh - Amethi 87 km,722,1528.83,1231.85,80,2025-03-31,2026-03-31,2017-11-10,1
441,Railways,Ministry of Railways,CAO/C/ECOR ECoR mor,705742,Jeypore - Malkangiri 130 km,2344,2343.64,738.6,6,2033-07-31,2033-07-31,2018-02-18,0
442,Railways,Ministry of Railways,CAO/C/ECOR ECoR mor,705741,Jeypore - Navarangpur 38 km,748,747.91,16.28,1,2028-07-31,2029-12-31,2017-07-04,0
443,Railways,Ministry of Railways,CAO/Con/South/MHX ECR mor,900874,Jhajha - Batia 20 km Umbrella work PB23/2018-19/NR,588,588.18,29.78,0,2028-03-31,2030-01-30,2019-02-15,1
444,Railways,Ministry of Railways,CAO/C/NCR NCR mor,705598,Jhansi-Bina - 3rd line 152.57 km,2002,2001.63,1949.8,98,2022-03-31,2026-03-31,2016-09-08,0
445,Railways,Ministry of Railways,CAOC/SECR SECR mor,705616,Jharsuguda - Bilaspur - 4th line 206 km,2140,2978.55,2547.36,88,2024-10-31,2026-03-31,2016-09-08,1
446,Railways,Ministry of Railways,CAO/C-III/NFR NFR mor,705391,Jiribam-Imphal 110 km,14323,21886.0,16931.5,78,2026-12-31,2029-06-30,2003-10-15,1
447,Railways,Ministry of Railways,CAOC/SWR SWR mor,705492,Kadur-Chickmagalur-Sakleshpur 93 km,825,1043.15,801.77,83,2025-06-30,2025-12-31,2014-01-27,1
448,Railways,Ministry of Railways,CAOC/ER ER mor,400247,"Kalinarayanpur-Krishnanagar with Krishnanagar-Shantipur-Nabadwipghat - GC, Krishnanagar-Chartala, MM for Krishnanagar-Chapra-NL, Naihati-Ranaghat-3rd line, Nabadwipghat-Nabadwipdham upto BB loop 9.58 km, Ranaghat-Lalgola-strengthening bridge No.2",1000,2153.91,926.51,49,2027-02-28,2028-03-31,2015-07-28,1
449,Railways,Ministry of Railways,CAOC/CR CR mor,705498,Kalyan-Kasara - 3rd line 67.62 km,793,1395.5,1165.98,73,2026-12-31,2026-12-31,2015-09-14,1
450,Railways,Ministry of Railways,CAO/C-II/NFR NFR mor,617245,Katihar-Kumedpur & Katihar-Mukuria 64.5 km Umbrella work PB57/2019-20/NR,943,1961.0,952.95,65,2027-08-31,2027-02-28,2022-08-26,1
451,Railways,Ministry of Railways,GM IRCON KATNI WCR mor,705661,Katni - Grade separator / bypass 21.50 km,1248,2300.0,1839.46,84,2024-09-30,2026-09-30,2016-08-05,1
452,Railways,Ministry of Railways,CMD / RVNL RVNL mor,705668,Kharagpur-Adityapur - 3rd line 132 km,3250,3450.0,3297.43,98,2025-03-31,2026-06-30,2016-09-05,1
453,Railways,Ministry of Railways,CAO/C/ECOR ECoR mor,705358,Khurda Road-Bolangir 301 km,3792,6221.98,4864.86,93,2026-12-31,2026-12-31,1994-03-31,1
454,Railways,Ministry of Railways,CAO/C/ECOR ECoR mor,400291,Kirandul-Jagdalpur 150 km,1589,1798.0,1369.01,89,2020-03-31,2027-04-30,2013-02-20,1
456,Railways,Ministry of Railways,CAO/Con/South/MHX ECR mor,705375,Koderma-Tilaiya 68 km,1626,2433.13,2272.44,90,2025-02-28,2026-02-28,2004-11-04,1
457,Railways,Ministry of Railways,CAO/C/ECOR ECoR mor,705513,Koraput-Singapur Road 164.56 km,2362,2462.17,2124.38,56,2027-12-01,2028-03-30,2015-12-08,1
459,Railways,Ministry of Railways,CAO/C/ECOR ECoR mor,705512,Kottavalasa-Koraput 189.278 km,2500,3580.41,2358.96,74,2022-03-31,2028-03-31,2015-12-08,1
460,Railways,Ministry of Railways,CAO/CN/ERS SR mor,705638,Kumbalam-Turavur - Patch doubling 15.59 km,813,802.81,404.17,30,2027-03-31,2027-03-31,2023-04-03,0
461,Railways,Ministry of Railways,CAO/C/NCR NCR mor,705766,Lalitpur - Birari with flyover at Lalitpur 15.80 km,304,356.1,287.94,85,2024-12-31,2026-01-31,2017-03-22,1
462,Railways,Ministry of Railways,CE/C-4/WCR WCR mor,705480,"Lalitpur-Satna, Rewa-Singrauli & Mahoba-Khajuraho 541 km",8914,8913.94,6694.7,73,2027-03-31,2027-12-31,2007-01-24,0
463,Railways,Ministry of Railways,CAO/C/SER SER mor,705785,Lodhma-Piska - Link line bypassing Hatia / Ranchi with Y connection 17.2 km,473,472.5,345.49,14,2026-06-30,2027-05-31,2021-08-27,0
464,Railways,Ministry of Railways,CAOC/NR NR mor,705783,Ludhiana-Kila Raipur 19 km with freight line at Gill station,238,260.33,109.63,70,2025-03-31,2027-02-28,2019-03-01,1
465,Railways,Ministry of Railways,CAO/C-1/NFR NFR mor,616701,Lumding-Furkating section 140 km Umbrella work PB57/2019-20/NR,2124,2123.7,215.47,15,2028-02-29,,2024-02-19,0
466,Railways,Ministry of Railways,CAOC/SR SR mor,705489,Madurai-Tuticorin via Aruppukkottai 143.5 km,601,2053.39,351.21,14,2021-07-31,2031-01-31,2011-04-01,1
467,Railways,Ministry of Railways,CAOC/SWR SWR mor,705491,Marikuppam-Kuppam 23.7 km,297,502.13,145.88,20,2026-06-30,2026-06-30,2011-10-19,1
468,Railways,Ministry of Railways,CMD / RVNL RVNL mor,705667,Mathura-Jhansi - 3rd line 273.80 km,5961,5960.76,5725.22,94,2023-12-31,2026-12-31,2016-09-08,0
469,Railways,Ministry of Railways,CAOCWR WR mor,705458,Miyagam-Karjan-Dabhoi-Samlaya 96.46 km- Gauge conversion with electrification,484,1015.07,886.85,34,2026-12-25,2026-12-31,2017-01-17,1
470,Railways,Ministry of Railways,CAO/C/NCR NCR mor,705772,Mughalsarai - Allahabad - 3rd line 150 km,2649,2649.44,2069.77,78,2026-12-31,2027-03-31,2019-08-02,1
472,Railways,Ministry of Railways,CAO/C-II/NFR NFR mor,705401,Murkongselek-Pasighat 26.15 km,435,1334.45,1057.21,67,2025-03-31,2026-12-31,2011-02-09,1
473,Railways,Ministry of Railways,CAO/Con/North/MHX ECR mor,705528,Muzaffarpur - Sagauli 100.6 km,1586,1744.84,1564.08,99,2024-06-30,2026-06-30,2018-03-01,1
474,Railways,Ministry of Railways,CAOCWR WR mor,709812,Nadiad-Petlad 37.26 km,462,461.91,150.35,30,2030-06-30,2030-06-30,2022-05-17,0
475,Railways,Ministry of Railways,CAO/C/SCoR SCoR mor,400298,Nadikude-Srikalahasti 308.7 km,2312,5906.03,2535.68,2,2027-05-31,2028-03-31,2012-03-31,1
476,Railways,Ministry of Railways,CAOC/NR NR mor,705410,Nangal Dam-Talwara 83.74 km - New broad gauge line & taking over siding Mukerian-Talwara 29.16 km,2018,4076.15,2998.72,84,2025-12-31,2027-12-31,1983-03-31,1
477,Railways,Ministry of Railways,CAO/C/SER SER mor,705629,Narayangarh - Bhadrak - 3rd line 155 km,2400,3425.32,2927.26,87,2025-12-31,2027-01-31,2019-03-07,1
478,Railways,Ministry of Railways,CAO/Con/North/MHX ECR mor,617239,Narkatiaganj-Raxaul-Sitamarhi-Darbhanga & Sitamarhi-Muzaffarpur Sections doubling 256 km Umbrella work PB57/2019-20/NR,4080,4079.96,29.38,0,2029-11-05,2030-03-31,2024-11-05,0
479,Railways,Ministry of Railways,CAOC/NWR NWR mor,611855,Nathdwara Mavli - Devgarh Madariya 82.542 km,969,1100.0,830.89,75,2028-06-01,,2023-01-24,1
480,Railways,Ministry of Railways,CAOCWR WR mor,611943,New BG line between Naliya - Jakhau Port 24.88 Km,410,410.26,11.9,5,2028-01-31,2028-02-28,2023-02-22,1
481,Railways,Ministry of Railways,CAOCWR WR mor,709813,New BG line intersection 5 nos between Geratpur-Sanand & Botad-Ahmedabad 16.51 km PB29/NR/2022-23,437,1067.45,602.87,22,2027-10-31,2027-10-27,2022-10-17,1
482,Railways,Ministry of Railways,CAO/C-III/NFR NFR mor,705572,New Bongaigaon - Goalpara - Guwahati Kamakhya 176 km,4060,4983.94,3860.64,91,2026-03-31,2026-03-31,2016-09-02,1
483,Railways,Ministry of Railways,CAOC/NWR NWR mor,705764,Nimach-Badi Sadri NL Project 48 km,495,895.67,577.16,60,2026-03-31,2026-06-30,2018-10-04,1
484,Railways,Ministry of Railways,CAOCWR WR mor,705933,Nimach-Ratlam 133 km,1096,1770.58,1496.21,100,2027-10-31,2027-10-31,2021-10-07,1
487,Railways,Ministry of Railways,CAOC/CR CR mor,612845,Pachora-Jamner with extension upto Malkapur-Narrow gauge to broad gauge 84 km,955,2093.82,308.07,10,2027-08-31,,2022-08-26,1
488,Railways,Ministry of Railways,CAOCWR WR mor,611945,Petlad-Bhadran 22.5 km,307,307.12,115.19,32,2030-05-31,2030-05-30,2022-05-17,1
489,Railways,Ministry of Railways,CAOC/ER ER mor,705385,Pirpainti - Jasidih 97 km,2555,2700.43,1779.91,40,2028-03-31,2028-03-31,2014-03-31,1
490,Railways,Ministry of Railways,CAO/Con/South/MHX ECR mor,617372,Pradhankhunta Jn-Patherdih Bazar-Bhojudih 17.1 km Umbrella work PB57/2019-20/NR,349,349.22,166.86,60,2027-11-30,2026-03-31,2022-11-21,1
491,Railways,Ministry of Railways,CAOC/NWR NWR mor,616841,Pushkar - Merta Katyasani 51.346 km,800,799.64,242.08,7,2026-12-31,2028-12-31,2024-02-13,0
492,Railways,Ministry of Railways,CAOCWR WR mor,706763,Rajkot-Kanalus 111.20 km,1081,1205.18,1148.79,90,2026-10-31,2026-06-30,2021-10-07,1
493,Railways,Ministry of Railways,CAOC/SECR SECR mor,705617,Rajnandgaon-Nagpur - 3rd line 228 km,3545,3544.92,3147.3,95,2024-12-31,2026-06-30,2016-09-08,0
494,Railways,Ministry of Railways,CPM/Kota WCR mor,705481,Ramganj Mandi-Bhopal 262 km,3032,5074.76,4554.84,88,2025-12-25,2027-12-31,2000-02-22,1
495,Railways,Ministry of Railways,CAOCWR WR mor,705457,Ratlam-Mhow-Khandwa-Akola 472.64 km including material modification for Fatehabad-Chandrawati Ganj-Ujjain 22.96 km and Rau-DADN doubling 9.40 km,1656,13314.5,5084.39,75,2027-03-31,2028-09-30,2008-01-17,1
496,Railways,Ministry of Railways,CAO/C/SCoR SCoR mor,705610,"Renigunta 9.60 km, Wadi 7.60 km & Gooty 3.8 km - Bypass",302,850.74,421.36,50,2025-12-31,2026-03-31,2016-04-22,1
497,Railways,Ministry of Railways,CAO/C/SER SER mor,615915,Rourkela-Bondamunda A-Cabin 5th line 10 km Umbrella work PB57/2019-20/NR,245,244.99,162.31,50,2024-09-30,2026-11-30,2022-09-26,0
498,Railways,Ministry of Railways,CAO/Con/North/MHX ECR mor,705527,Sagauli - Valmikinagar 109.7 km,1216,1558.77,1464.5,91,2025-12-24,2025-12-25,2018-03-01,1
499,Railways,Ministry of Railways,CAOC/NER NER mor,400205,Sahjanwa - Dohrighat 81.17 km,1320,1319.75,749.57,1,2029-03-31,2029-03-31,2019-08-02,0
500,Railways,Ministry of Railways,CAOC/ER ER mor,602797,"Sainthia, Sitarampur, Mughalsarai, Allahabad & Etawah - Bypass 35 km",462,797.94,208.47,15,2027-03-31,2027-03-27,2017-08-10,1
501,Railways,Ministry of Railways,CAO/Con/North/MHX ECR mor,400254,Sakri-Hasanpur 79 km,735,802.45,615.76,80,2024-12-31,2027-03-31,2023-12-15,1
502,Railways,Ministry of Railways,CAO/Con/North/MHX ECR mor,705526,Samastipur-Darbhanga 38 km,519,973.56,751.29,92,2025-03-31,2025-10-31,2015-11-18,1
503,Railways,Ministry of Railways,CAOCWR WR mor,611970,Samlaya-Timba Road 53.53 km,670,670.17,202.51,25,2030-03-31,2030-03-30,2023-02-03,1
504,Railways,Ministry of Railways,CAOCWR WR mor,611971,Samni-Jambusar 24.08 km,350,349.93,189.28,40,2030-03-31,2030-03-30,2022-05-17,0
505,Railways,Ministry of Railways,CE/C-4/WCR WCR mor,705659,Satna - Rewa 50 km,500,646.1,620.14,88,2026-03-31,2026-03-31,2015-11-18,1
506,Railways,Ministry of Railways,CAOC/NWR NWR mor,706866,Sawaimadhopur - Bypass line 6.98 km Umbrella work PB57/2019-20/NR,304,239.0,188.07,72,2026-03-31,2027-05-27,2022-12-09,0
507,Railways,Ministry of Railways,CAOC/SWR SWR mor,705761,Shimoga-Shikaripura-Ranebennur 103 km umbrella work PB23/2018-19/NR,1454,455.86,107.72,14,2027-12-01,2028-06-30,2019-09-19,0
508,Railways,Ministry of Railways,CAOC/CR CR mor,705735,Solapur-Osmanabad - New line via Tuljapur 84.44 km umbrella work PB23/2018-19/NR,905,1647.87,1232.63,38,2027-03-31,2028-03-28,2019-01-08,1
512,Railways,Ministry of Railways,CAO/C/ECOR ECoR mor,705359,Talcher-Bimlagarh 154 km,1928,4546.84,2194.73,56,2025-03-31,2029-03-31,2004-03-31,1
513,Railways,Ministry of Railways,CAOC/NWR NWR mor,400022,Taranga Hill-Abu Road via Ambaji 116.65 km,2798,3300.31,2061.73,50,2030-07-31,2030-07-31,2022-07-21,1
514,Railways,Ministry of Railways,CAOC/SR SR mor,400223,Tiruchchirappalli-Nagore-Karaikal with extension of Nagapattinam-Velankani-Tiruthiraipundi incl. new material modification of Karaikal - Peralam 23 km new line,713,1748.55,1271.33,80,2025-03-31,2028-03-31,1995-11-22,1
516,Railways,Ministry of Railways,CAO/CN/ERS SR mor,705635,Trivandrum - Kanyakumari 86.56 km,1432,4889.79,3294.98,60,2024-03-31,2028-06-30,2017-08-28,1
517,Railways,Ministry of Railways,CAO/C-II/NR NR mor,617213,"Varanasi- Pt. Deen Dayal Upadhyaya - Multitracking 15 km, including construction of a new Rail- cum- Road Bridge across Ganga River",2464,2464.46,119.36,7,2029-10-30,,2024-10-24,1
518,Railways,Ministry of Railways,CAO/C/SCoR SCoR mor,705632,Vijayawada19.50 km & Kazipet10.65 km -Byepass line,647,827.46,711.08,90,2025-01-12,2025-12-31,2016-04-22,1
519,Railways,Ministry of Railways,CAOC/SECR SECR mor,705479,Wadsa-Gadchiroli 49.5 km,1886,1880.61,1015.46,69,2027-03-31,2027-03-31,2017-05-17,0
520,Railways,Ministry of Railways,CAOC/CR CR mor,705500,Wardha Sevagram-Nagpur - 3rd line 76.3 km,540,899.52,841.24,93,2025-12-31,2026-10-31,2015-09-04,1
521,Railways,Ministry of Railways,CAOC/CR CR mor,705502,Wardha-Balharshah - 3rd line 132 km,1385,2603.11,1911.26,86,2025-12-31,2026-02-28,2016-03-07,1
522,Railways,Ministry of Railways,CAOC/CR CR mor,705505,Wardha-Nagpur - 4th line 78.70 km,638,1194.59,1094.89,93,2025-12-31,2026-10-31,2017-04-20,1
535,Real Estate,Ministry of Housing & Urban Affairs,ministry of housing and urban affairs,701766,Green Building Development Project,151,206.0,62.73,40,2023-11-23,2026-12-31,2019-11-07,1
536,Real Estate,Ministry of Housing & Urban Affairs,ministry of housing and urban affairs,707229,"Integrated Command control Center [ICCC] - Construction and Development of Integrated Command Control Center with Security, Surveillance, ITMS, Connecting Port, Ship Service, Smart Solid Waste Management, Smart Public Transport System",210,230.0,37.35,97,2023-05-31,2025-10-31,2021-07-19,1
537,Real Estate,Ministry of Housing & Urban Affairs,National Buildings Construction Corporation [NBCC],400188,Redevelopment of Seven General Pool Residential Accommodation [GPRA] Colonies in Delhi,32850,32841.0,14370.5,47,2025-12-31,2025-12-31,2016-07-05,0
539,Roads & Highways,Ministry of Road Transport & Highways,NHAI,618788,4L Greenfield Jalbhera Shahbad section from km. 0.000 to km. 22.850 of NH-152G,927,1173.66,550.77,87,2025-05-31,2026-09-30,2022-03-31,1
540,Roads & Highways,Ministry of Road Transport & Highways,NHAI,619095,Balance works of 4L Panvel Indapur section of NH66 old NH17 from km 42.300 kasu to km 84.600 Indapur,546,472.1,420.99,97,2024-05-17,2026-09-30,2022-06-15,0
543,Roads & Highways,Ministry of Road Transport & Highways,NHAI,618547,2L NH-1 from km 8.660 to km 33.775 Sumbal to Wayul to 4L dual carriageway NH standard as part of Srinagar Ring Road PhaseII [Design Ch. 41.907 to Ch. 66.609],961,643.64,484.85,55,2026-06-25,2027-03-22,2022-11-07,0
545,Roads & Highways,Ministry of Road Transport & Highways,NHAI,618890,2L PS of Hamirpur Bypass from Km 121.175 to Km.138.295 of NH-103&3,739,754.82,370.02,94,2025-10-28,2026-12-31,2022-08-25,1
546,Roads & Highways,Ministry of Road Transport & Highways,NHAI,618751,2L PS of Hinotiya-Mehulwa section of NH-346 from Km. 27.000 to Km 75.700 Vidisha Mehulwa-Talbehat Pkg-II Section of NH- 346,582,592.71,274.61,69,2025-09-12,2027-03-31,2022-10-12,1
547,Roads & Highways,Ministry of Road Transport & Highways,NHAI,618909,2L PS of JH / WB Border km. 70.524 - Purulia km.84.400 & Purulia km. 94.30 - Chandil Junction with NH-33 km. 153.705 of Old NH-32,1652,1771.88,1652.44,98,2022-08-06,2026-10-31,2018-03-13,1
548,Roads & Highways,Ministry of Road Transport & Highways,NHAI,618955,2L PS of Majhauli to Charout section from km. 0.00 to km. 63.655,638,1067.51,1104.68,100,2021-11-04,2026-09-30,2018-01-23,1
549,Roads & Highways,Ministry of Road Transport & Highways,NHAI,618924,2L PS of Najibabad Kotdwar section from 112.575 to Km. 138.635 of NH 119,189,99.2,60.9,56,2025-09-07,2026-10-20,2021-10-05,0
550,Roads & Highways,Ministry of Road Transport & Highways,NHAI,618655,2L PS of Roshni to Ashapur Section of NH-347B from Design KM Ch. 89.900 to 114.000 KM Package III of Betul Khandwa,201,120.75,132.61,100,2026-08-21,2026-09-08,2024-03-09,0
551,Roads & Highways,Ministry of Road Transport & Highways,NHAI,618958,2L with ES of Yagyi - Kalewa section from Milepost 40/0 to Milepost 115/5 in Myanmar,1200,1200.14,0.0,52,2023-06-01,2027-12-31,2017-12-09,1
552,Roads & Highways,Ministry of Road Transport & Highways,NHAI,618907,2L/4L of Hoshiarpur to Una section including Hoshiarpur Bypass of NH 503A,571,481.88,265.2,26,2027-05-20,2027-05-20,2023-03-20,0
553,Roads & Highways,Ministry of Road Transport & Highways,NHAI,618908,3L Major Bridge over River Brahmani at Km. 401.250 Duburi - Chandikhole Section of NH-200 New NH -53,154,103.68,73.76,38,2025-01-31,2027-09-30,2022-04-17,0
554,Roads & Highways,Ministry of Road Transport & Highways,NHAI,618669,4 -Laning of MP/UP Border to Kabarai section of NH-34&35 from km 197.000 to km 242.991 Length 45.991 Km Sagar-Kabrai Package-5 under Bharat Mala Pariyojana EC in MP & UP on HAM,1633,1425.43,574.14,62,2027-02-14,2027-02-14,2022-10-20,0
556,Roads & Highways,Ministry of Road Transport & Highways,NHAI,618961,4 Lane Inner Ring Road around Allahabad City Pkg-1 Prayagraj Southern Bypass 34.400 43.200,776,498.97,87.58,25,2027-12-18,2027-12-18,2025-02-19,0
557,Roads & Highways,Ministry of Road Transport & Highways,NHAI,618960,4 Lane Inner Ring Road around Allahabad City Pkg-2 Prayagraj Southern Bypass 43.200 - 50.860,1378,1007.62,485.92,47,2026-06-15,2027-06-14,2023-08-24,0
560,Roads & Highways,Ministry of Road Transport & Highways,NHAI,618649,4 Lane with PS from Des. Ch 228.500 to Des. Ch. 273.400 of Belgaum-Hungund-Raichur Section of NH 748 A Package-6,1246,1012.78,412.78,57,2026-11-20,2027-06-30,2023-03-29,0
561,Roads & Highways,Ministry of Road Transport & Highways,NHAI,619108,4 Lane with PS from Des. Ch 0.000 to Des. Ch. 43.800 of Belgaum-Hungund-Raichur Section of NH-748A Package-1,1452,1256.55,509.43,40,2027-06-17,2027-11-15,2024-02-12,0
562,Roads & Highways,Ministry of Road Transport & Highways,NHAI,619107,4 Lane with PS from Des. Ch 136.100 to Des. Ch. 182.300 of Belgaum-Hungund-Raichur Section of NH-748A Package-4,1311,1123.35,244.01,15,2027-09-28,2028-04-30,2024-02-07,0
563,Roads & Highways,Ministry of Road Transport & Highways,NHAI,619106,4 Lane with PS from Des. Ch 182.300 to Des. Ch. 228.500 of Belgaum-Hungund-Raichur Section of NH 748 A Package-5,1142,868.65,270.91,41,2026-11-20,2027-08-31,2023-03-27,0
564,Roads & Highways,Ministry of Road Transport & Highways,NHAI,618651,4 Lane with PS from Des. Ch 43.800 to Des. Ch. 89.900 of Belgaum-Hungund-Raichur Section of NH-748A Package-2,1428,1293.94,606.24,59,2027-02-28,2027-07-31,2024-02-20,0
565,Roads & Highways,Ministry of Road Transport & Highways,NHAI,618650,4 Lane with PS from Des. Ch 89.900 to Des. Ch. 136.100 of Belgaum-Hungund-Raichur Section of NH-748A Package-3,1364,1219.62,316.73,24,2027-04-03,2028-03-30,2024-01-11,0
566,Roads & Highways,Ministry of Road Transport & Highways,NHAI,618691,4 laning of Aligarh-Palwal Section from Km. 46.390 Design Chainage to Km. 69.110 Terminating at junction EPE Package-II from Kurana- Eastern Peripheral Expressway of NH-334D,939,903.94,276.52,17,2027-08-26,2027-08-27,2024-03-15,0
567,Roads & Highways,Ministry of Road Transport & Highways,NHAI,618823,4 laning of Barasat - Barajaguli Section of NH-12 from Km. 31.000 to Km. 48.679 in the district of North 24 - Parganas,352,346.39,98.02,44,2026-02-11,2027-10-31,2024-02-08,0
568,Roads & Highways,Ministry of Road Transport & Highways,NHAI,618957,4 laning of Champa - Korba from km 0.00 to km 38.2,1002,1304.47,944.79,99,2024-01-05,2026-10-31,2021-02-08,1
569,Roads & Highways,Ministry of Road Transport & Highways,NHAI,619158,4 Laning of Duburi Chandikhole from km 388.376 to km 428.074 Pkg-III,789,907.61,725.21,86,2022-08-09,2026-12-31,2018-01-19,1
570,Roads & Highways,Ministry of Road Transport & Highways,NHAI,618826,4 Laning of NH-544D from Km 0.000 to km 37.000 of Anantapur- Muchukota section Pkg-1,908,905.98,493.1,92,2025-07-21,2026-10-31,2022-10-11,0
571,Roads & Highways,Ministry of Road Transport & Highways,NHAI,618827,4 Laning of NH-544D from Km 37.000 to km 69.000 of Muchukota- Bugga section Pkg-2,1098,1055.23,466.89,85,2025-08-15,2026-12-31,2022-10-14,0
574,Roads & Highways,Ministry of Road Transport & Highways,NHAI,619167,4 Laning with PS of Pathrapalli-Katghora km 53.3 to km 92.6 Pkg-II of Bilaspur Kathghora,865,1275.26,853.93,93,2022-12-03,2026-09-30,2019-12-17,1
575,Roads & Highways,Ministry of Road Transport & Highways,NHAI,618690,"4 lanning of Aligarh Palwal section from km 0.00 to km 46.39 package -1 from khereshwar junction-kurana of NH33D , including khair & jattari bypass in the state of UP on HAM mode",1663,1685.69,592.48,21,2027-03-26,2027-03-26,2024-03-11,1
576,Roads & Highways,Ministry of Road Transport & Highways,NHAI,618666,4- Laning of Mohari to Satai Ghat section NH-934 from Km 50300 to Km 89875 Total length 39.575 km Package-2 in the State of Madhya Pradesh on EPC Mode,711,539.08,533.05,100,2026-08-23,2026-09-30,2022-08-08,0
581,Roads & Highways,Ministry of Road Transport & Highways,MoRTH,618013,4-laning of Puttaparthi-Koduru Section of NH-342,1319,909.19,640.13,94,2025-11-06,2026-10-31,2022-10-17,0
582,Roads & Highways,Ministry of Road Transport & Highways,NHIDCL,618328,4-Laning of Balance work of Dimapur-Kohima Road from design km 152.490 to km 166.700 Existing km 156.000 to km 172.900 Excluding Dimapur & Kohima Bypass under SARDP-NE Package-III,563,794.75,551.33,84,2025-09-28,2026-09-30,2016-03-31,1
589,Roads & Highways,Ministry of Road Transport & Highways,NHAI,618783,4-laning of Pilibhit - Sitarganj from Km. 32.500 to Km. 70.800 Pkg-2 of NH-30,1471,1471.19,480.64,44,2026-03-13,2027-10-31,2023-01-16,1
592,Roads & Highways,Ministry of Road Transport & Highways,NHAI,618672,4-lanning of Gyaraspur to Rahatgarh section of NH-146 from Design Ch. 88361 to Ch 124470 in the state of MP on HAM mode,903,592.44,191.87,35,2027-11-05,2027-11-05,2024-10-28,0
593,Roads & Highways,Ministry of Road Transport & Highways,NHAI,618671,4-lanning of Rahatgarh to Berkhedi section of NH-146 from Design Ch 124470 to Ch. 134.549,618,342.69,53.19,15,2027-12-20,2027-12-19,2025-03-30,0
594,Roads & Highways,Ministry of Road Transport & Highways,NHAI,619103,4/6 Laning of Raipur-Simga Pkg-I from km. 0.00 to km. 48.58,1097,1172.36,905.64,100,2018-04-20,2026-09-30,2015-10-10,1
595,Roads & Highways,Ministry of Road Transport & Highways,NHAI,618495,4/6L Access Control Expressway from Design Chainage Km 515.000 to 528.300 Kunjwani to Sidhra Section of NH-44 and from Design Chainage Km 550.900 to Km 566.520 Domel to Katra Section Phase II-Package XVII,2895,2894.74,1017.24,67,2025-06-13,2027-11-08,2022-06-29,0
596,Roads & Highways,Ministry of Road Transport & Highways,NHAI,619318,4/6L Greenfield Ludhiana Rupnagar highway from Jn. with NE-5 village near to ManewalLudhiana to Jn. with NH-205 near Bheora Village Rupnagar from Km. 0.00 to Km. 37.7 including spur to Kharar with Ludhiana bypass of NH-205K Pkg-1,1369,1382.48,533.48,15,2024-12-10,2027-12-10,2021-05-27,1
597,Roads & Highways,Ministry of Road Transport & Highways,NHAI,618785,4/6L Greenfield LudhianaRupnagar highway from Jn. with NE-5 village near to ManewalLudhiana to Jn. with NH-205 near Bheora Village Rupnagar from Km 66.0 to Km 91.0 i/c spur to Kharar from Km 0.0 to Km 19.5 with Ludhiana bypass of NH-205K Pkg-3,1501,1815.13,1173.74,81,2025-02-15,2026-12-31,2021-07-30,1
598,Roads & Highways,Ministry of Road Transport & Highways,NHAI,618969,4/6L of Spur to Haridwar Greenfield from Km. 0.000 to Km. 50.70,2156,2612.3,1543.42,93,2025-02-19,2026-09-30,2021-11-15,1
599,Roads & Highways,Ministry of Road Transport & Highways,NHAI,618517,4/6L of Bangalore - Pune Section of bypass connecting Dharwad - Hubli from km. 403.80 to km. 433.20,1135,763.36,744.44,84,2025-09-21,2027-05-31,2021-12-27,0
600,Roads & Highways,Ministry of Road Transport & Highways,NHAI,619132,4/6L of Gurgaon - Pataudi - Rewari from km. 0.00 to km.43.87 of NH-352W,1810,1917.5,1282.66,78,2023-11-23,2026-09-30,2020-05-11,1
601,Roads & Highways,Ministry of Road Transport & Highways,NHAI,618567,4/6L of Northern Ayodhya Bypass starting Km. 112.540 and ending Km. 139.928 north of existing NH-27 part-1 and part-2 south of NH-27 from km 0.000 to km 5.000.,2289,1834.25,286.37,34,2028-01-06,2028-01-07,2024-08-02,0
602,Roads & Highways,Ministry of Road Transport & Highways,NHAI,618568,4/6L Southern Ayodhya Bypass from Km 5.000 to Km 37.172 starting near Km. 112.540 and ending at Km. 153.281 of NH-27,2541,1983.05,326.56,40,2027-09-27,2027-09-27,2024-08-02,0
603,Roads & Highways,Ministry of Road Transport & Highways,NHAI,618741,4L Greenfield Alignment from Kalyanapur to Tal Dashraha of NH-119D Pkg-III,1858,1969.3,957.5,36,2025-02-15,2028-03-30,2022-03-04,1
604,Roads & Highways,Ministry of Road Transport & Highways,NHAI,618852,4L Sundar Nagar Bypass from Km.173.900 to Km.179.600 of NH-21,191,192.11,182.64,100,2024-06-14,2026-09-30,2022-02-22,1
605,Roads & Highways,Ministry of Road Transport & Highways,NHAI,618811,4L Access Controlled Greenfield Highway Section Mancherial Warangal from Pangidipalle village at Design Ch. 72.350 Km to Oorugonda village at Design Ch. 112.240 KmPackage-III,1184,1170.64,209.85,6,2027-10-21,2028-01-31,2023-03-27,0
606,Roads & Highways,Ministry of Road Transport & Highways,NHAI,619143,4L Access Controlled Greenfield Highway section on NH-163G Khammam Vijayawada from BrahmanapalliK village at Design Ch. 250.400 Km to Remidicherla village at Design Ch. 280.200 KmPackage-II,826,862.58,176.6,26,2027-03-26,2027-06-30,2023-03-24,1
607,Roads & Highways,Ministry of Road Transport & Highways,NHAI,618818,4L Access Controlled Greenfield Highway section on NH-163G Khammam Vijayawada from Remidicherla village at Design Ch. 280.200 Km to Jakkampudi village on NH-16 at Design Ch. 309.909 Km Package-III,1183,1225.14,229.02,6,2027-05-07,2027-12-30,2023-03-20,1
608,Roads & Highways,Ministry of Road Transport & Highways,NHAI,618817,4L Access Controlled Greenfield Highway section on NH-163G Khammam Vijayawada from V. Venkatayapalem village at Design Ch. 220.480 Km to BrahmanapalliK village at Design Ch. 250.400 Km Package-I.,973,1021.96,271.81,46,2027-03-18,2027-06-30,2023-03-16,1
609,Roads & Highways,Ministry of Road Transport & Highways,NHAI,618816,4L Access Controlled Greenfield Highway section on NH-163G Warangal-Khammam from Thallasenkesa village at Design Ch. 189.650 km to V.Vekatayapalem village in Khammam District at Design Ch. 220.480 KmPackage-III,1105,1098.05,204.68,10,2027-07-03,2028-02-28,2023-03-28,0
610,Roads & Highways,Ministry of Road Transport & Highways,NHAI,618815,4L Access Controlled Greenfield Highway section on NH-163G Warangal-Khammam from Venkatpur village in Warangal District at Design Ch. 150.240 Km to Thallasenkesa village in Mahabubabed District at Design Ch. 189.650 kmPackage-II,1093,1083.11,430.46,78,2026-04-18,2027-03-31,2023-03-28,0
611,Roads & Highways,Ministry of Road Transport & Highways,NHAI,618814,4L Access Controlled Greenfield Highway section on NH163G Warangal-Khammam from Oorugonda village in Hanamkonda District at Design Ch. 112.240 Km to Venkatpur village in Warangal District at Design Ch. 150.240 KmPackage-I,1143,1140.82,162.11,0,2027-06-12,2028-05-31,2023-03-29,0
612,Roads & Highways,Ministry of Road Transport & Highways,NHAI,618813,4L Access Controlled Greenfield Section Mancherial Warangal from Narva village at Design Ch. 3.834 Km to Puttapaka village at Design Ch. 35.300 Km Package-I,1128,1104.27,162.07,11,2026-12-22,2027-10-31,2023-03-01,0
613,Roads & Highways,Ministry of Road Transport & Highways,NHAI,618812,4L Access Controlled Greenfield Section Mancherial Warangal from Puttapaka village at Design Ch. 35.300 Km to Pangidipalle village at Design Ch. 72.350 KmPackage-II,1129,1145.41,211.69,9,2027-06-13,2027-12-31,2023-01-20,1
615,Roads & Highways,Ministry of Road Transport & Highways,NHAI,618481,4L Bangalore-Chennai Expressway from Km. 230.000 to Km. 261.705 of Kanchepuram to Sriperumbudur Section Phase-III/Package-IV,3606,3605.73,1009.84,90,2024-07-09,2026-10-31,2021-02-25,0
616,Roads & Highways,Ministry of Road Transport & Highways,NHAI,618923,4L Behsuma at Km 39.250 Ex. Km 39240 To Bijnor at Km 78.810 Ex. Km 86590 Design Length 39.560 Km of NH-119 Pkg-II,2158,2553.12,1236.27,70,2026-05-19,2026-12-31,2023-03-13,1
617,Roads & Highways,Ministry of Road Transport & Highways,NHAI,618792,4L Bhiwani-Hansi road section of NH-148B,1330,1144.21,493.13,100,2025-12-17,2026-11-19,2022-11-04,0
618,Roads & Highways,Ministry of Road Transport & Highways,NHAI,618623,4L Boregaon Buzurg to Shahpur Pkg I of Boregaon Buzurg to Muktainagar of NH 753L,1504,1132.34,556.92,92,2026-01-31,2026-10-09,2022-11-04,0
619,Roads & Highways,Ministry of Road Transport & Highways,NHAI,618914,"4L Elevated Corridor and at-grade improvements from Design Ch0000 to Design Ch 19870 of Danapur Bihta Section, Design Ch0000 to Design Ch0231 connecting the existing RoB near Danapur station ,1.35 Km ramps and at-grade improvements to 4-lane section on Danapur side and Upgradation of existing Two lane carriageway to Four Lane carriageway from Design Ch19870 to Design Ch23500 of Bihta - Koilwar section",4433,2625.4,1650.59,64,2026-09-08,2027-08-31,2022-10-06,0
620,Roads & Highways,Ministry of Road Transport & Highways,NHAI,618736,4L Elevated corridor of Kalimandir-Dimna Chowk-Baliguma Jamshedpur Section of NH-33 New NH-18 from km 241940 to km 251961 Length 10.021 km,936,832.2,346.55,50,2027-03-15,2027-03-15,2024-03-07,0
621,Roads & Highways,Ministry of Road Transport & Highways,NHAI,618841,4L Elevated Section and at-grade improvements at Begusarai town Simaria - Khagaria section from Km. 221.047 to Km. 225.302 of NH-31,491,348.38,354.71,96,2024-12-23,2026-10-31,2021-10-15,0
622,Roads & Highways,Ministry of Road Transport & Highways,NHAI,619065,4L Expressway from Km 26.400 to km 53.500 of Malur to Bangarpet section of Bangalore-Chennai Expressway Phase-I Package-II,1745,1729.63,1103.62,100,2023-09-19,2026-09-15,2020-12-18,0
623,Roads & Highways,Ministry of Road Transport & Highways,NHAI,618868,4L from Devinagar Bypass End Existing Km. 208.000 of NH 530B/Design Km. 66.000 to Kasganj Bypass End Existing Km.150.100 of NH 530B/ Design Km. 123.100 of NH 530B,2290,2223.71,1042.31,77,2026-06-05,2026-12-15,2023-03-20,0
624,Roads & Highways,Ministry of Road Transport & Highways,NHAI,618661,4L from km 0.000 to 42.040 Bhopal Ratnaigiri Tiraha to Vidisha Morikodi,1032,1038.18,194.11,20,2027-11-12,2027-11-12,2024-10-18,1
625,Roads & Highways,Ministry of Road Transport & Highways,NHAI,618830,4L from Km 147.450 Bhogu to Km 196.870 Sankha on NH-75 Sec-III,1518,1652.09,1131.66,77,2025-11-08,2027-03-31,2022-10-03,1
627,Roads & Highways,Ministry of Road Transport & Highways,NHAI,618831,4L from Km 95.400 Udaipura to Km 147.450 Bhogu on NH-75 Sec-II,1437,1301.54,419.79,29,2026-10-09,2027-03-31,2023-03-24,0
629,Roads & Highways,Ministry of Road Transport & Highways,NHAI,618566,4L Green Field Northern East side Gorakhpur Bypass 26.616 Kms starting from NH-29E Chainage 83.308 and end at NH-28 Chainage 285.100,1974,1244.44,1046.53,74,2026-01-02,2027-03-31,2023-02-28,0
630,Roads & Highways,Ministry of Road Transport & Highways,NHAI,618739,4L Greenfield Alignment of Amas to Shivrampur from 0.000 Km. to 55.002 Km. of NH 119 D Pkg-I,1391,1427.43,642.43,55,2025-03-29,2027-07-30,2022-02-01,1
631,Roads & Highways,Ministry of Road Transport & Highways,NHAI,618740,4L Greenfield Alignment of Shivrampur to Ramnagar from Km. 55.002 to Km. 109.300 of NH 119 D Pkg-II,1494,1546.07,706.06,51,2025-07-03,2027-11-30,2022-02-02,1
632,Roads & Highways,Ministry of Road Transport & Highways,NHAI,618807,"4L Greenfield Road connecting North and South industrial cluster of Khandaleru Creek near Krishnapatnam port at Thamminapatnam to Mollur from Km 0.0 to Km 16.046, Part I & 6L extension of dedicated port road of NH-67 Km 18.0 to Km 19.3, Part II",609,559.98,593.76,84,2025-09-24,2027-01-31,2022-08-24,0
633,Roads & Highways,Ministry of Road Transport & Highways,NHAI,618654,4L Greenfield Rudhi to Deshgaon Pkg V of Betul-Khandwa/Deshgaon,521,469.68,216.6,64,2025-10-05,2027-03-31,2022-11-04,0
634,Roads & Highways,Ministry of Road Transport & Highways,NHAI,618917,4L Greenfield starting from NH-30 near Saristabad Patna to Nathupur Project end point of Patna-Gaya-Dobhi Section of NH-83,488,419.66,101.06,90,2025-08-27,2026-09-15,2023-07-17,0
635,Roads & Highways,Ministry of Road Transport & Highways,NHAI,618911,4L Greenfield Western Side spur of Rampur-Rudrapur Section from Km 0.000 to Km 13.700 connecting NH-24 to NH-87 bypassing rampur town,646,637.83,369.7,64,2024-11-02,2027-02-28,2021-12-05,0
636,Roads & Highways,Ministry of Road Transport & Highways,NHAI,619093,4L Ismailabad to Ambala Section of NH-152 Lot-4/Package-1,609,454.34,311.06,76,2025-12-06,2027-02-28,2023-02-28,0
637,Roads & Highways,Ministry of Road Transport & Highways,NHAI,618867,4L Kasganj-Badaun Section from Km. 123.100 to Km. 179.500 Pkg-III of NH530B,2009,1936.61,593.25,40,2027-05-29,2027-12-31,2023-03-28,0
638,Roads & Highways,Ministry of Road Transport & Highways,NHAI,619292,4L Medinipur to Ballupur from Km. 458.65 to Km. 487.65 of NH-07Pkg-2,1093,1072.5,745.31,94,2025-02-17,2026-09-15,2022-03-30,0
639,Roads & Highways,Ministry of Road Transport & Highways,NHAI,618588,4L Mitigation Measure structures on CH/MH Border to Wainganga Bridge Section of NH-6 New NH-53,540,468.92,464.37,100,2023-11-07,2026-10-31,2021-02-06,0
640,Roads & Highways,Ministry of Road Transport & Highways,NHAI,618735,4L of Chandesara to Khedakhajuriya from Km. 0.000 to - 750 & Km 0.000 to km 41.400 of NH-148NG Pkg-I,910,976.55,587.82,99,2024-05-31,2027-03-31,2021-12-27,1
641,Roads & Highways,Ministry of Road Transport & Highways,NHAI,619073,4L of 42.000 to km 80.00 of Dodaballapur Bypass to Hoskote section of NH-648 Old NH-207 [Bangalore Ring Road Pkg 2],1318,1846.52,1360.42,99,2023-02-21,2026-09-30,2020-02-28,1
642,Roads & Highways,Ministry of Road Transport & Highways,NHAI,618702,4L of Addahole Near Gundya to Bantwal Cross section Pkg-02 from Design Km 270.270 to Design km 318.55 including flyover at Kalladka Town including approaches from Km. 311.57 to Km. 313.67 of NH-75 Old NH-48,1660,1318.24,1452.45,94,2023-11-22,2027-04-30,2020-12-23,0
643,Roads & Highways,Ministry of Road Transport & Highways,NHAI,618906,4L of Amritsar-Ghoman - Tanda - Una Section from Km 8.270 to Km 54.000 of NH-503A Package-I,858,1443.47,773.01,69,2024-06-19,2027-03-31,2020-12-23,1
644,Roads & Highways,Ministry of Road Transport & Highways,NHAI,618941,4L of Bamni - Rajura - Warur - Devada upto M.S. Border of NH - 930D from km 19.000 to km 51.985,968,1187.19,852.15,78,2026-03-27,2026-12-31,2022-03-30,1
645,Roads & Highways,Ministry of Road Transport & Highways,NHAI,619163,4L of Baramati to Indapur Pkg-II from km. 41.400 to km. 84.550 of NH-965G Saint Tukaram Marg,1471,1297.48,1071.02,86,2023-09-08,2026-12-31,2021-01-15,0
646,Roads & Highways,Ministry of Road Transport & Highways,NHAI,618782,4L of Bareilly-Pilibhit-Sitarganj from Km. 0.000 to Km. 32.500 of NH-30 Pkg-1,1394,1394.14,626.04,64,2026-03-13,2027-03-31,2023-02-03,1
647,Roads & Highways,Ministry of Road Transport & Highways,NHAI,618949,4L of Basukinath- Deoghar Section of NH-114A,1445,1553.76,781.51,91,2025-12-11,2026-09-30,2022-09-06,1
648,Roads & Highways,Ministry of Road Transport & Highways,NHAI,618809,4L of Beas-Mehta-Batala-Dera Baba Nanak from intersection with Jalandhar-Amritsar Highway NH-3 near Beas till start of Batala Bypass near Village Acchhal from Km. 0.000 to Km. 31.300 Pkg-1,810,966.99,701.25,68,2025-06-21,2027-05-31,2021-08-16,1
649,Roads & Highways,Ministry of Road Transport & Highways,NHAI,618887,4L of Bettadahalli- Shivamogga section from Km.170.415 to km. 226.750 of NH-206 Tumkur- Shivamogga Pkg-IV,2083,2545.11,1645.31,84,2023-10-19,2027-03-31,2019-01-22,1
650,Roads & Highways,Ministry of Road Transport & Highways,NHAI,618889,"4L of Bhangbar Near Ranital to Kangra Bypass Section of Old NH-88 New NH-303,503 up to Intersection with NH-154 from Km 175.270 to Km 193.400 Pkg-VB",1323,1829.49,1103.47,97,2024-12-27,2026-12-31,2021-03-18,1
651,Roads & Highways,Ministry of Road Transport & Highways,NHAI,618639,4L of Bilaspur to Urga km 0.00 to 70.2 of NH-130A,1856,2523.86,1558.35,95,2024-03-24,2026-12-31,2020-04-27,1
652,Roads & Highways,Ministry of Road Transport & Highways,NHAI,618962,4L of Budhni to Shahganj Bypass End Package-III of NH-146B from Km. 73.750 to Km. 102.000,1103,770.21,196.81,29,2027-08-17,2027-08-17,2024-03-07,0
653,Roads & Highways,Ministry of Road Transport & Highways,NHAI,619214,4L of Channarayapatna Bypass and Hassan Bypass with structures in Devihalli - Hassan section,688,684.54,617.61,82,2023-01-18,2027-02-28,2020-04-29,0
654,Roads & Highways,Ministry of Road Transport & Highways,NHAI,618668,4L of Chowka to Kaimaha near MP/UP Border section NH-34 from D. Ch. 145.000 to D. Ch. 197.266 excluding existing Chhatarpur bypass from D. Ch. 160.307 to D. Ch. 168.630 Package-4,996,846.68,328.65,49,2027-09-21,2027-09-22,2024-10-18,0
655,Roads & Highways,Ministry of Road Transport & Highways,NHAI,618616,4L of Dhrol bypass section of NH-151A Approx. length 5.7 Km & widening upto 4 laning of missing link of Amran section of NH-151A Approx. length 6.55 Km from existing Ch. 42000 to 48500 of ongoing Dhrol-Bhadra-Pipaliya section of NH-151A,626,455.54,166.02,35,2027-02-02,2027-02-02,2024-03-06,0
656,Roads & Highways,Ministry of Road Transport & Highways,NHAI,618810,4L of existing Beas Baba Bakala - Dera Baba Nanak Section from start of Batala Bypass till intersection with Ajnala Gurdaspur Highway NH 354 near Dera Baba Nanak from Km. 31.300 to Km. 69.100 with Additional batala Bypass Pkg-II,1003,993.6,818.68,81,2025-06-21,2027-03-31,2021-10-21,0
658,Roads & Highways,Ministry of Road Transport & Highways,NHAI,618793,4L of Fazilka to Abohar section of NH-07 including construction of Greenfield Abohar & Fazilka Bypasses,1410,1674.04,914.43,67,2026-04-14,2027-08-31,2023-03-13,1
659,Roads & Highways,Ministry of Road Transport & Highways,NHAI,618645,4L of Gola-BokaroJaina More section from Km 53.600 to Km 21.110 of NH-320PKG-1,1008,1030.64,627.94,78,2025-06-25,2026-10-31,2022-02-25,1
660,Roads & Highways,Ministry of Road Transport & Highways,NHAI,619127,4L of Greenfield Alignment from Km. 47.000 to Km. 89.210 of Balbhadarpur to Bela Nawda Section of NH-119D,2186,2118.46,764.98,30,2026-03-10,2028-03-30,2022-03-30,0
661,Roads & Highways,Ministry of Road Transport & Highways,NHAI,618776,4L of Greenfield section from Sirhind to Mohali,1238,1301.15,1391.88,99,2025-05-07,2026-09-30,2022-03-24,1
662,Roads & Highways,Ministry of Road Transport & Highways,NHAI,619317,4L of Hajipur-Muzaffarpur Section of the existing NH-77 from Km. 0000 Ramashish Chowk to Km. 46300 and new bypass starting at Km. 46300 and connecting NH-28 of E-W Corridor at Km. 515045,2723,2906.78,2160.8,99,2013-02-06,2026-10-31,2010-08-12,1
663,Roads & Highways,Ministry of Road Transport & Highways,NHAI,618875,4L of Haridwar Nagina section Design Ch. LME from km 13.829 to km 17.110 & km 26.077 to km 27.508 and Design Ch. RME from km 13.839 to km 17.120 & km 26.078 to km 27.509 of EUP mitigation measures on NH74,184,142.11,119.67,70,2024-02-27,2026-12-30,2021-11-17,0
664,Roads & Highways,Ministry of Road Transport & Highways,NHAI,619217,4L of Haridwar-Nagina section from km. 0.00 to km. 71.614 of NH-74,1659,1622.49,1548.54,100,2020-07-22,2026-10-13,2015-12-01,0
665,Roads & Highways,Ministry of Road Transport & Highways,NHAI,619153,4L of HP/Punjab Border - Mo from km. 11.00 to km. 42.00 of Old NH-20 New NH-154 Package-IA,1002,1363.04,837.74,69,2024-05-17,2026-12-31,2021-03-26,1
666,Roads & Highways,Ministry of Road Transport & Highways,NHAI,618557,4L of Indora Chowk to Pachpaoli and Agrasen Chowk - Ashoka Chowk,1039,918.53,699.6,84,2026-06-30,2026-09-15,2023-03-20,0
667,Roads & Highways,Ministry of Road Transport & Highways,NHAI,618622,4L of Indore - Boregaon Pkg-III [Balwara to Dhangaon] from km. 42.260 to km. 82.660 of NH347BG & 753L,1002,888.81,835.16,92,2024-04-21,2026-10-31,2021-01-21,0
668,Roads & Highways,Ministry of Road Transport & Highways,NHAI,619092,4L of Jind-Gohana road Package-1 from km. 0.00 to km. 40.601 of NH-352 A under NHO,994,1606.82,1064.47,100,2022-07-23,2026-07-31,2019-01-25,1
670,Roads & Highways,Ministry of Road Transport & Highways,NHAI,618765,4L of Karimnagar-Warangal section from km 49.500 to km 117.820 of NH-563,2147,2486.51,1274.82,92,2025-07-16,2026-09-30,2022-03-09,1
671,Roads & Highways,Ministry of Road Transport & Highways,NHAI,618838,4L of Karwar Km. 281.980 of NH-62 Nagaur road to Dangiyavas of Jodhpur Ring Road Pkg-II,737,512.77,464.14,100,2024-08-28,2026-09-30,2021-11-26,0
672,Roads & Highways,Ministry of Road Transport & Highways,NHAI,618921,4L of Kathlighat to Shakral Village from Km 128.835 to Km 146.300 of NH- 5 Shimla Bypass - Pkg I,1703,2648.8,1211.34,64,2026-04-21,2027-07-14,2022-03-21,1
673,Roads & Highways,Ministry of Road Transport & Highways,NHAI,618584,4L of Kishanganj - Bahadurganj section from Km. 0.000 to Km. 23.649 & interchange at Start Point Length - 1.200 Km of NH-27,963,855.56,221.43,20,2027-12-19,2027-12-19,2025-01-27,0
674,Roads & Highways,Ministry of Road Transport & Highways,NHAI,618520,4L of km 0.00 to km 42.00 of Dobbaspet to Doddaballapura Bypass section of NH-648 old NH-207] [Bangalore Ring Road Pkg 1],1439,1786.57,1285.16,99,2023-04-18,2026-09-30,2020-08-11,1
675,Roads & Highways,Ministry of Road Transport & Highways,NHAI,618545,"4L of Km.165.092 to Km.171.855 North Bound and from Km.166.895 to Km.173.638 South Bound, excl. certain reaches of North Bound and South Bound of Ramban to Banihal Pkg-III of Old NH-1A New NH-44",614,444.76,312.38,43,2024-08-03,2027-06-30,2021-07-19,0
676,Roads & Highways,Ministry of Road Transport & Highways,NHAI,618945,4L of Kodad Design Km 0.00/Existing Km 185.00 of NH-65 to Khammam Design Km 31.800/Existing Km 29.400 of NH-365A,1149,1606.99,937.96,100,2024-05-31,2026-09-30,2021-01-22,1
677,Roads & Highways,Ministry of Road Transport & Highways,NHAI,618608,4L of left-over works including additional structures from Kerala/Tamil Nadu border to Kanyakumari Section from Km 43.0 to Km 96.174 of NH66,1564,1263.42,1004.18,82,2025-08-01,2026-12-31,2022-11-09,0
678,Roads & Highways,Ministry of Road Transport & Highways,NHAI,618709,4L of Left-Over Works of Hospet-Bellary -Karnataka/AP border from Km.280.080 Dec.Ch. to Km.375450Des.Ch. of NH-63 New-67,1340,992.6,948.93,93,2025-05-14,2028-04-10,2023-03-06,0
679,Roads & Highways,Ministry of Road Transport & Highways,NHAI,618778,4L of Madanapalle to Pileru Section from Km 0.000 to Km 55.900 of NH-71Package-I,1877,1994.1,1183.12,95,2025-01-12,2026-09-30,2022-02-23,1
680,Roads & Highways,Ministry of Road Transport & Highways,NHAI,618894,4L of Madathukulam - Pollachi from km. 74.38 to km. 116.95 of old NH-209 New NH-83,1772,1772.13,1063.22,98,2022-12-03,2026-09-30,2019-01-22,1
681,Roads & Highways,Ministry of Road Transport & Highways,NHAI,618563,4L of Madurai Ring Road Phase 1 [Vadipatti-Thamrapatti] from km 0.00 - km 29.960,900,900.05,905.53,99,2022-03-15,2026-09-15,2018-12-06,1
682,Roads & Highways,Ministry of Road Transport & Highways,NHAI,618929,4L of Moradabad western side spur connecting NH-734 & NH-24 from Km. 0.000 to Km. 33.200 Pkg-I,1842,1843.54,1133.1,83,2025-09-17,2026-12-31,2022-11-02,1
683,Roads & Highways,Ministry of Road Transport & Highways,NHAI,618927,4L of Moradabad-Thakurdwara-Kashipur Section from Km. 0.000 to Km. 38.77 of NH-734 Pkg-II,2007,1890.05,1001.96,55,2026-03-14,2027-06-30,2022-10-07,0
684,Roads & Highways,Ministry of Road Transport & Highways,NHAI,619307,4L of Munger Mirzachauki section from Km 157350 to Km 193931 Pkg-4,1377,1481.58,896.75,93,2024-08-15,2026-10-31,2021-02-03,1
685,Roads & Highways,Ministry of Road Transport & Highways,NHAI,619306,4L of Munger Mirzachauki section from Km 95580 to Km 125000 Pkg-2,1021,1235.65,643.08,96,2024-03-10,2026-09-30,2021-02-10,1
686,Roads & Highways,Ministry of Road Transport & Highways,NHAI,619289,4L of Munger Mirzachauki section from Munger to Kharia village junction from Km 69520 to Km 95580 Pkg-1,1660,1696.66,685.55,85,2024-03-30,2026-10-31,2021-01-28,1
687,Roads & Highways,Ministry of Road Transport & Highways,NHAI,619305,4L of Munger Mirzachauki section from start of existing Bhagalpur bypass to Rasulpur from Km 125000 to Km 157350 Pkg-3,1770,2024.59,681.07,81,2024-04-12,2026-12-31,2021-01-28,1
688,Roads & Highways,Ministry of Road Transport & Highways,NHAI,618937,4L of Nagpur-Katol Section from Km. 13.00 to Km. 62.900 of NH-353J,1167,1432.82,1181.44,82,2023-10-28,2027-03-31,2021-02-11,1
689,Roads & Highways,Ministry of Road Transport & Highways,NHAI,618667,4L of near Satai Ghat to Chowka section of NH-34 from D. Ch. 89.875 to D. Ch. 145.000 Package-3,1006,882.21,224.7,38,2027-10-27,2027-10-26,2024-10-18,0
690,Roads & Highways,Ministry of Road Transport & Highways,NHAI,618947,4L of NH-80 from km 215.00 to km 260.00 Mirza Chauki to Farkka Pkg-I,1505,1508.21,1038.78,92,2023-07-04,2026-10-31,2018-03-24,1
692,Roads & Highways,Ministry of Road Transport & Highways,NHAI,618644,4L of Ormanjhi-Gola section from Km 81.450 to Km 53.600 of NH- 320BPKG-II,1215,1462.19,995.16,87,2025-06-20,2026-12-31,2022-02-28,1
693,Roads & Highways,Ministry of Road Transport & Highways,NHAI,618642,4L of Palma to Gumla from km. 26.00 to km. 89.170 of NH-23,1883,1895.75,1372.27,100,2024-03-31,2026-10-31,2020-03-04,1
695,Roads & Highways,Ministry of Road Transport & Highways,NHAI,618786,4L of Phagwara - Hoshiarpur,1196,1503.79,556.53,20,2027-03-30,2027-07-31,2022-11-09,1
696,Roads & Highways,Ministry of Road Transport & Highways,NHAI,618777,4L of Pileru to Kalur Section from Km 55.900 to Km 92.800 & Km 94.500 to Km 95.717 of NH-71Package-II,1877,592.85,266.59,99,2025-11-18,2026-09-30,2022-03-11,0
697,Roads & Highways,Ministry of Road Transport & Highways,NHAI,618837,4L of Ratnagiri - Kolhapur section from km 112.340 to km 145.300 of NH-166 PkgIII,1939,1910.41,1092.06,69,2025-05-24,2027-01-07,2022-02-08,0
698,Roads & Highways,Ministry of Road Transport & Highways,NHAI,618836,4L of Ratnagiri - Kolhapur section from km 67.140 to km 112.340 of NH-166 Pkg II,1985,1798.0,1239.81,82,2025-05-24,2027-01-12,2022-02-11,0
699,Roads & Highways,Ministry of Road Transport & Highways,NHAI,619149,4L of Ratnagiri - Kolhapur section of NH-166 from km 0.000 to km 19.769 and km 31.000 to km 67.140 Pkg I,1774,2108.41,1444.74,97,2024-11-21,2026-11-30,2022-02-14,1
700,Roads & Highways,Ministry of Road Transport & Highways,NHAI,618952,4L of Sahibganj - Manihari Ganga Bridge including Manihari Bypass,2302,1978.01,2026.97,87,2024-10-31,2027-10-31,2016-10-13,0
701,Roads & Highways,Ministry of Road Transport & Highways,NHAI,618896,4L of Sannur to Bikarnakatte section from Km 691.350 to Km 736.362 of NH-169 Karkala - Mangalore Package-III,1386,2038.71,1257.12,76,2024-10-08,2027-04-30,2021-03-24,1
702,Roads & Highways,Ministry of Road Transport & Highways,NHAI,618922,4L of Shakral Village to Dhalli Section from Km 146.300 to Km 156.560 Shimla Bypass - Pkg II and Shimla connectivity from Km 0.000 to Km 0.725 of NH-5,1956,2880.72,1537.77,60,2027-03-03,2027-12-20,2022-04-07,1
703,Roads & Highways,Ministry of Road Transport & Highways,NHAI,618926,4L of Siwan- Masrakh section of Ram Janki Marg from Km 230.385 to Km 281.391 of NH-227A,1431,1927.04,521.99,11,2026-11-19,2028-11-19,2022-08-23,1
704,Roads & Highways,Ministry of Road Transport & Highways,NHAI,618798,4L of Sonauli - Gorakhpur,2556,2275.43,1330.97,89,2025-03-05,2026-12-31,2021-12-24,0
705,Roads & Highways,Ministry of Road Transport & Highways,NHAI,618744,4L of Thirumangalam to Vadugapatti section from km 0.000 to km 36.000 of NH-744,1077,791.6,685.87,96,2025-02-21,2026-10-25,2022-03-04,0
706,Roads & Highways,Ministry of Road Transport & Highways,NHAI,619219,4L of Tumkur-Shimoga Pkg-II from Km 65.195 Karadi to Km 121.900 Banawara of NH-206,1506,1989.89,1299.97,100,2021-10-14,2026-12-31,2018-02-27,1
707,Roads & Highways,Ministry of Road Transport & Highways,NHAI,618543,4L of twin tube tunnel configuration including approaches from Marog to Digdol from Km.154.210 to Km.158.650 North Bound and from Km.155.940 to Km.160.260 South Bound of Ramban to Banihal Pkg-I of Old NH-1A New NH-44,1912,1034.3,425.31,30,2025-08-12,2027-12-31,2021-07-13,0
708,Roads & Highways,Ministry of Road Transport & Highways,NHAI,618640,4L of Urga - Pathalgaon from Km. 70.200 to km. 157.745 of NH-130A,2261,2860.36,1121.3,82,2026-08-08,2026-10-31,2022-03-30,1
709,Roads & Highways,Ministry of Road Transport & Highways,NHAI,618881,4L PS bijni to mandi section from Km 202.815 to Km 208.000 of NH-20 New NH-154 of Pathankot-Mandi Package-VB,1113,1112.39,592.16,35,2027-09-13,2027-09-13,2023-02-21,0
710,Roads & Highways,Ministry of Road Transport & Highways,NHAI,618901,4L PS Divided Carriageway from Patan Near Rajpur to Gojariya From Km 52.000 to Km 128.940 of NH-68,1181,1098.23,949.71,87,2025-03-07,2027-05-31,2021-12-03,0
711,Roads & Highways,Ministry of Road Transport & Highways,NHAI,618931,4L PS from Ch. 179.780 in Bitada/Movi Village to Ch. 208.900 in Nasarpore Village of NH-56 Pkg-V,764,566.96,111.34,11,2027-11-26,2027-11-26,2023-03-03,0
712,Roads & Highways,Ministry of Road Transport & Highways,NHAI,618930,4L PS from Ch. 94.030 in Jabugam Village to Ch. 132.320 in Dhamasiya Village of NH-56 Pkg-III,1188,898.0,180.01,26,2027-11-25,2027-11-25,2023-03-27,0
713,Roads & Highways,Ministry of Road Transport & Highways,NHAI,618891,4L PS from Kalar Bala Village to Nauni Chowk of NH 205 from Km 41.000 to Km 58.450,1244,786.91,145.82,31,2027-05-12,2027-09-09,2024-01-18,0
714,Roads & Highways,Ministry of Road Transport & Highways,NHAI,618871,4L PS from Near Guddehosur to Start of Kushalnagara Bypass to near Hemmige Village Periyapatna - Hassan Road Jn from Km. 122.200 to Km. 144.900 of NH-275 Pkg. II,910,896.42,328.35,15,2027-12-07,2028-05-18,2023-02-01,0
715,Roads & Highways,Ministry of Road Transport & Highways,NHAI,618870,4L PS from near Hemmige Village Periyapatna - Hassan Road Jn. to near Hunsur - KR Nagar Jn section from Km. 144.900 to Km. 169.000 of NH-275 Pkg. III,884,1726.65,447.2,28,2027-04-02,2028-02-06,2023-02-07,1
716,Roads & Highways,Ministry of Road Transport & Highways,NHAI,618872,4L PS from near Hunsur - KR Nagar Junction to near Yalachahalli village KR Nagara - Yelawala Road Junction fcrom Km 169.000 to Km 195.550 of NH-275 Pkg-IV,1063,952.03,286.32,20,2027-04-29,2028-04-06,2023-02-09,0
717,Roads & Highways,Ministry of Road Transport & Highways,NHAI,618873,4L PS from near Yalachahalli village KR Nagara - Yelawala Road junction to Srirangapatna Bypass Near Paschima Vahini from km 195.550 to Km 214.535 of NH-275 Pkg-V,1273,1203.2,466.92,17,2027-04-06,2028-04-19,2023-01-30,0
718,Roads & Highways,Ministry of Road Transport & Highways,NHAI,618759,4L PS Mydukur - Badvel from Km 585.820 to Km 630.960 of NH-67,1064,1103.87,586.02,90,2025-09-19,2026-12-31,2022-05-25,1
719,Roads & Highways,Ministry of Road Transport & Highways,NHAI,619080,4L PS of Ambala Ring Road of New NH-44,1093,1225.41,601.46,93,2025-10-10,2026-09-13,2023-02-27,1
721,Roads & Highways,Ministry of Road Transport & Highways,NHAI,618541,4L Ring road/bypass around Srinagar city from km 0.000 to km 42.100 Phase-I,2920,2604.76,1873.52,89,2024-02-02,2026-10-31,2021-03-02,0
722,Roads & Highways,Ministry of Road Transport & Highways,NHAI,619101,4L Shahpur to Muktainagar from Km. 186.000 to km 216.278 of NH 753L Pkg II of Boregaon Buzurg to Muktainagar,784,659.52,368.01,64,2026-03-14,2026-10-30,2022-12-01,0
723,Roads & Highways,Ministry of Road Transport & Highways,NHAI,618761,4L Spur of Meerut-Garh-Mukteshwar section connecting NH-119 and NH-58 bypassing Meerut Town of NH 709 A,992,977.73,884.85,97,2025-02-16,2026-09-15,2021-10-07,0
724,Roads & Highways,Ministry of Road Transport & Highways,NHAI,619218,4L Tumkur-Shimoga Pkg-I from Mallasandra to Karadi village of NH-206 from Km. 12.300 to Km. 65.195,1364,1692.12,1336.55,100,2021-10-14,2026-09-15,2018-02-27,1
725,Roads & Highways,Ministry of Road Transport & Highways,NHAI,618544,"4L twin tube tunnel including approaches from Digdol to Khuni Nallah North Bound connecting with existing major bridge on NB and South Bound connecting with Tunnel T4 ,Single tube tunnel of Ramban to Banihal Pkg-II of Old NH-1A New NH-44",1402,1020.99,1071.33,87,2024-06-07,2026-09-30,2021-07-13,0
727,Roads & Highways,Ministry of Road Transport & Highways,NHAI,618697,4LPS Access Controlled Highway of Bellary Bypass Balance work from Ch. 254750 to Ch. 266837 and construction of 4LPS from Ch. 277.690 to Ch. 278.690 at D. Hirehal Village Balance work of NH 150A of Bellary Byrapura Section,626,284.05,126.0,39,2026-07-31,2027-11-02,2024-02-07,0
731,Roads & Highways,Ministry of Road Transport & Highways,NHAI,619077,6 laning of Balance Work of Chennai - Tada from km. 21.40 to km. 54.40,465,472.37,389.97,100,2020-03-27,2026-09-30,2017-12-06,1
732,Roads & Highways,Ministry of Road Transport & Highways,MoRTH,617913,6-laning of km 9.900 to km 19/948 Aramgarh to Shamshabad Section of Hyderabad-Bangalore section of NH-44 Under NHO EPC basis in the state of Telangana,283,300.7,270.88,93,2020-05-09,2026-06-30,2018-01-18,1
733,Roads & Highways,Ministry of Road Transport & Highways,NHAI,619074,6-laning of Krishnagiri Km.0.000 to Walajahpet Km.148.300 section on NH-46 under NHDP-V,1673,781.74,708.34,100,2013-12-04,2026-09-30,2009-12-27,0
735,Roads & Highways,Ministry of Road Transport & Highways,NHAI,618720,6L Access Controlled Greenfield Highway from Audireddipalle Ch. 160000 to Mallapalle Ch. 176000Package-07,987,848.06,338.45,74,2026-03-06,2027-04-30,2023-02-21,0
736,Roads & Highways,Ministry of Road Transport & Highways,NHAI,618721,6L Access Controlled Greenfield Highway from Chandrasekharapuram Ch. 228000 to Polavaram Ch. 260000of [NH-544G] Package-11,1293,1110.33,358.74,64,2026-02-10,2027-08-31,2023-02-15,0
737,Roads & Highways,Ministry of Road Transport & Highways,NHAI,618718,6L Access Controlled Greenfield Highway from Kavulakuntla Ch. 196000 to Narayanmpet Ch. 203500Package-09,1092,956.4,242.13,55,2027-02-07,2027-12-31,2023-02-21,0
738,Roads & Highways,Ministry of Road Transport & Highways,NHAI,618719,6L Access Controlled Greenfield Highway from Mallapalle Ch. 176000 to Kavulakuntla Ch. 196000 Package-08,909,751.81,290.05,66,2026-02-10,2027-07-31,2023-02-24,0
739,Roads & Highways,Ministry of Road Transport & Highways,NHAI,619126,6L Access Controlled Greenfield Highway from Marripudi Ch. 285500 to Somavarappadu Ch. 314600 of [NH-544G] Package-13,976,798.71,370.83,73,2026-02-09,2027-04-30,2023-02-18,0
740,Roads & Highways,Ministry of Road Transport & Highways,NHAI,619123,6L Access Controlled Greenfield Highway from Narayanmpet Ch. 203500 to Chandrasekharpuram Ch. 228000Package-10,814,678.21,238.29,66,2026-02-10,2027-07-31,2023-02-24,0
741,Roads & Highways,Ministry of Road Transport & Highways,NHAI,619125,6L Access Controlled Greenfield Highway from Somavarappadu Ch.314.600 to Muppavaram Ch.343240 of [NH-544G] Package-14,1104,943.66,279.46,45,2026-02-11,2027-10-31,2023-02-18,0
742,Roads & Highways,Ministry of Road Transport & Highways,NHAI,618968,6L access control Greenfield highway of Vill-Khyawari to Vill-Latifpur at Saharanpur Bypass from Km. 82.000 to Km. 119.790 Pkg-4,1428,1439.35,1396.07,99,2024-09-02,2026-09-30,2021-03-18,1
743,Roads & Highways,Ministry of Road Transport & Highways,NHAI,618970,6L access control Greenfield highway of Vill-Lohadda to Vill-Karaunda Mahajan from Km. 27.000 to Km. 56.500 Pkg-2,1335,1335.38,1253.61,98,2024-09-02,2026-08-31,2021-03-11,1
744,Roads & Highways,Ministry of Road Transport & Highways,NHAI,619216,6L access Controlled Greenfield Highway from Adhoya Musalmana to Sadopur section of Shamli -Ambala Package-III Design Ch. Form km 84.400 to km 121.786,1492,1122.86,825.1,81,2025-05-01,2026-12-31,2022-05-30,0
745,Roads & Highways,Ministry of Road Transport & Highways,NHAI,618722,6L access Controlled Greenfield Highway from Gogwan Jalalpur Shamli to Ranipur Barsi Saharanpur of Shamli -Ambala section Package-I Design Ch. Form km 00.600 to km 45.500,1844,1247.55,771.67,68,2025-05-15,2027-03-31,2022-06-23,0
746,Roads & Highways,Ministry of Road Transport & Highways,NHAI,618712,6L Access Controlled Greenfield Highway from Kodur Ch. 0000 to Vanavolu Ch. 24300 of [NH-544G] Package-1,913,798.25,358.13,88,2026-02-03,2027-03-31,2023-01-03,0
747,Roads & Highways,Ministry of Road Transport & Highways,NHAI,618714,6L Access Controlled Greenfield Highway from Nallacheruvu palli Ch. 96300 to Yerragudipadu Ch. 129000 of [NH-544G] Package-5,1253,1095.78,389.2,67,2026-02-10,2027-06-30,2022-02-18,0
748,Roads & Highways,Ministry of Road Transport & Highways,NHAI,618715,6L Access Controlled Greenfield Highway from Odulapalle Ch. 72000 to Nallacheruvu-palli Ch. 96300 of [NH-544G]Package-4,1059,946.1,403.37,77,2026-02-03,2027-04-30,2023-01-03,0
749,Roads & Highways,Ministry of Road Transport & Highways,NHAI,619124,6L Access Controlled Greenfield Highway from Polavaram Ch. 260000 to Marripudi Ch. 285500 of [NH-544G]Package-12,747,626.83,250.94,70,2026-02-10,2027-05-31,2023-02-18,0
750,Roads & Highways,Ministry of Road Transport & Highways,NHAI,618723,6L access Controlled Greenfield Highway from Ranipur Barsi to Adhoya Musalmana section of Shamli -Ambala Package-II Design Ch. Form km 45.500 to km 84.400,1554,1241.89,862.64,83,2025-05-16,2027-02-28,2022-06-22,0
751,Roads & Highways,Ministry of Road Transport & Highways,NHAI,618717,6L Access Controlled Greenfield Highway from Vanavolu Ch. 24300 to Vankarakunta Ch. 45700 of [NH-544G] Package-2,751,626.91,261.41,87,2026-03-01,2027-02-28,2023-01-03,0
752,Roads & Highways,Ministry of Road Transport & Highways,NHAI,618716,6L Access Controlled Greenfield Highway from Vankarakunta Ch. 45700 to Odulapalle Ch. 72000 of [NH-544G]Package-3,993,888.07,351.25,77,2026-03-01,2027-03-31,2022-12-12,0
753,Roads & Highways,Ministry of Road Transport & Highways,NHAI,618713,6L Access Controlled Greenfield Highway from Yerragudipadu Ch. 129000 to Audireddipalle Ch. 160000 of [NH 544G] Package-6,1200,1019.69,282.21,47,2026-02-10,2027-11-30,2023-02-15,0
754,Roads & Highways,Ministry of Road Transport & Highways,NHAI,619212,6L Access Controlled Greenfield Highway of Julekal village to Dinnedevarapadu village from Km 242.200 to Km 280.400 Pkg-2,1228,1315.87,539.2,71,2025-01-03,2027-04-30,2022-01-27,1
755,Roads & Highways,Ministry of Road Transport & Highways,NHAI,619168,6L access controlled Greenfield highway of Junction of EPE Vill.-Mavikalan to Vill.-Lohadda from Km. 0.000 to Km. 27.000 Pkg-1,1602,1497.94,1424.73,99,2024-09-02,2026-09-30,2021-03-18,0
756,Roads & Highways,Ministry of Road Transport & Highways,NHAI,618632,6L Access Controlled Greenfield Highway of Nandinne village to Julekal village from Km 202.900 to Km 242.200 Pkg-1,972,1044.06,459.47,94,2025-01-03,2026-09-30,2022-02-04,1
757,Roads & Highways,Ministry of Road Transport & Highways,NHAI,618757,6L access controlled Highway from Km 40080 to Km 86513 Mator to Barodameo Section,2010,1565.88,723.71,37,2026-03-14,2027-06-30,2022-09-27,0
758,Roads & Highways,Ministry of Road Transport & Highways,NHAI,618647,6L Access Controlled Ludhiana-Bathinda Greenfield highway from Jn. with Amritsar-Bathanda Greenfield Road NH-754A near Rampura Phul to Jn. with Moga-Barnala Road NH-703 near village Tallewal from Km 0.0 to Km 30.3 of NH-754AD Pkg-1,907,1020.52,687.98,82,2025-09-13,2026-10-31,2021-06-24,1
759,Roads & Highways,Ministry of Road Transport & Highways,NHAI,619105,6L Access Controlled Ludhiana-Bathinda Greenfield highway from Jn. with Moga-Barnala Road NH-703 near village Tallewal to Jn. with Delhi-Katra Expressway NE-5 near Ludhiana village Ballowal from Km 30.300 to Km 75.543 of NH-754AD Pkg-2,1555,1564.66,723.45,26,2027-09-29,2027-09-29,2021-07-05,1
760,Roads & Highways,Ministry of Road Transport & Highways,NHAI,619308,6L access-controlled highway from Ganeshpur tonear Mohand of Ganeshpur Dehradun section from Km.0 to Km.8.3 of NH-72A Package-1,836,835.74,813.14,99,2023-10-07,2026-09-15,2020-11-26,0
761,Roads & Highways,Ministry of Road Transport & Highways,NHAI,618758,6L accesscontrolled highway from km 0000 to km 40080 Paniyala to Mator Section of Paniyala-Barodameo ICR,1765,1239.24,585.41,43,2026-09-15,2026-09-15,2022-09-27,0
762,Roads & Highways,Ministry of Road Transport & Highways,NHAI,618681,6L Aluru - Jakkuva Section of NH-130CD Road from km 365.033 to km 396.800 Pkg. 1,1216,1241.66,731.37,100,2024-03-29,2026-10-31,2021-02-10,1
763,Roads & Highways,Ministry of Road Transport & Highways,NHAI,619099,6L Amritsar-Bathinda Greenfield section from Jn. with Moga Jalandhar road NH-703 near Dharamkot to Jn. with Bhagta Bhai Ka-Bhadaur Road near Dyalpura Bhai Ka from km 39.000 to km 93.000 of NH-754A Pkg-2,1801,2172.71,1268.59,67,2026-06-26,2027-06-30,2021-03-30,1
764,Roads & Highways,Ministry of Road Transport & Highways,NHAI,618618,6L Amritsar-Bathinda Greenfield section from Jn. with Bhagta Bhai Ka-Bhadaur Road near Dyalpura Bhai Ka to Jn. with Mandi Dabwali Bathinda Road on NH-54 near Sangat Kalan from km 93.000 to km 154.866 of NH-754A Pkg-3,2029,2677.23,1443.14,74,2026-06-16,2027-07-21,2021-03-31,1
765,Roads & Highways,Ministry of Road Transport & Highways,NHAI,618617,6L Amritsar-Bathinda Greenfield section from village Tiba on NE-5A to Jn. with Moga Jalandhar road NH-703 near Dharamkot from km 0.000 to km 39.000 of NH-754A Pkg-1,1229,1549.32,1077.84,72,2024-11-13,2027-12-14,2021-03-30,1
766,Roads & Highways,Ministry of Road Transport & Highways,NHAI,618738,6L Bridge and its approaches across River Ganga as Part of Patna Ring Road NH-131G starting from Km 8.480 near Sherpur to Km 23.000 near Dighwara,6292,3351.62,769.02,22,2027-09-05,2029-03-31,2022-09-27,0
768,Roads & Highways,Ministry of Road Transport & Highways,NHAI,618499,6L Elevated Kanpur - Lucknow Exeressway Pkg-1 from Km. 10980 to Km. 28500,1973,1943.27,775.81,100,2025-07-30,2026-09-30,2021-12-29,0
769,Roads & Highways,Ministry of Road Transport & Highways,NHAI,618808,6L Elevated Kona Expressway from Km. 0.145 to Km. 7.337 of NH-117,1213,1203.11,451.59,40,2026-12-03,2027-12-31,2023-03-24,0
770,Roads & Highways,Ministry of Road Transport & Highways,NHAI,618704,6L Flyover including RE Wall approaches with Flexible Pavement in the Elephant Corridor of Angul Sambalpur Section of NH-42 New NH-55 Km.202.533,151,106.32,106.14,100,2026-06-20,2026-09-30,2023-09-19,0
771,Roads & Highways,Ministry of Road Transport & Highways,NHAI,618516,6L from Sankeshwar Bypass to MH-KNT Border from Km. 555.017 to Km. 592.853 of NH-48 Pkg-II,1389,1066.86,1203.78,85,2025-04-23,2027-05-31,2022-01-20,0
772,Roads & Highways,Ministry of Road Transport & Highways,NHAI,618678,6L Greenfield Baunsaguar - Baraja Section of NH-130-CD Road from km 293000 to km 338500 Package OD-6,1266,1635.44,1001.47,100,2024-05-31,2026-09-30,2021-08-26,1
773,Roads & Highways,Ministry of Road Transport & Highways,NHAI,618677,6L Greenfield Kaliagura Baunsaguar Section of NH-130-CD Road from km 249000 to km 293000 Package OD-5,1540,1918.49,1026.83,98,2024-05-29,2026-11-30,2021-09-03,1
774,Roads & Highways,Ministry of Road Transport & Highways,NHAI,618734,6L Greenfield Varanasi- Ranchi- Kolkata Highway from junction with NH-320 in Lepo village to Kamlapur villageJH/WB border from km 358.500 to km 387.200 Pkg -13,1154,1319.18,331.43,25,2027-09-29,2027-09-29,2023-03-29,1
777,Roads & Highways,Ministry of Road Transport & Highways,NHAI,618724,6L Greenfield Varanasi-Ranchi-Kolkata Highway from Anarbansalea village to Sagrampur village From KM. 151200 to KM. 184700Package-7,1719,1723.42,388.27,28,2027-06-30,2028-03-10,2023-03-24,1
778,Roads & Highways,Ministry of Road Transport & Highways,NHAI,618727,6L Greenfield Varanasi-Ranchi-Kolkata Highway from junction with Bhabhua-Adhaura road in Bhairopur village to Konki village From KM. 54.000 to KM. 90.000Pkg-3,1577,1711.44,328.35,28,2027-10-05,2027-10-05,2023-03-27,1
779,Roads & Highways,Ministry of Road Transport & Highways,NHAI,618726,6L Greenfield Varanasi-Ranchi-Kolkata Highway from junction with Chandauli-Chainpur Road near Khainti village to junction with Bhabhua-Adhaura road near Palka village from Km. 27.000 to Km. 54.000 Pkg-2,1241,1341.52,252.45,27,2027-10-05,2027-10-05,2023-03-24,1
780,Roads & Highways,Ministry of Road Transport & Highways,NHAI,618728,6L Greenfield Varanasi-Ranchi-Kolkata Highway from junction with NH-19 & Varanasi Ring Road near Rewasa village to junction with Chandauli-Chainpur road near Khainti village from Km. 0.000 to Km. 27.000 - Pkg-1,1433,1564.15,598.1,48,2026-11-24,2027-05-18,2023-03-24,1
781,Roads & Highways,Ministry of Road Transport & Highways,NHAI,618725,6L Greenfield Varanasi-Ranchi-Kolkata Highway from Pachmon village to Anarbansalea village From KM. 116000 to KM. 151200 Package-6,1916,1920.21,439.98,25,2027-09-03,2027-09-03,2023-03-24,1
782,Roads & Highways,Ministry of Road Transport & Highways,NHAI,619111,6L Jakkuva Korlam Section of NH-130CD Road from km 396.800 to km 421.100 Pkg 2,841,840.51,573.9,100,2024-03-29,2026-09-30,2021-02-09,0
783,Roads & Highways,Ministry of Road Transport & Highways,NHAI,619112,6L Kantakapalle Sabbavaram Section of NH-130CD Road from Km 445.100 to Km 464.662 Pkg-4,1013,1012.57,704.27,85,2024-10-04,2027-03-31,2021-02-25,0
784,Roads & Highways,Ministry of Road Transport & Highways,NHAI,618682,6L Korlam-Kantakapalle Section of NH-130CD Road from Km 421.100 to Km 445.100 Pkg-3,1113,1127.63,850.01,100,2024-02-18,2026-09-30,2021-02-25,1
785,Roads & Highways,Ministry of Road Transport & Highways,NHAI,618598,6L Minor Bridge Paloli Palam at km. 203.160 & Major Bridge Morad at km. 204.895 and allied works,210,216.94,190.47,100,2022-06-11,2026-09-30,2020-03-11,1
786,Roads & Highways,Ministry of Road Transport & Highways,NHAI,618601,6L of Kappirikkad to Thalikulam section from km 335.85 to km 369.015 of NH - 66 old NH-17,4226,4225.59,3345.37,95,2025-01-26,2027-06-30,2021-06-08,0
787,Roads & Highways,Ministry of Road Transport & Highways,NHAI,619134,6L of Ambala-Chandigarh greenfield section from Km. 0.000 to Km. 25.000 with 4L spur to Lalru from Km. 0.000 to Km. 5.828 & spur to PR-7 road from Km. 0.000 to Km. 11.157,1642,1904.79,1296.35,90,2025-10-12,2026-09-30,2022-03-31,1
788,Roads & Highways,Ministry of Road Transport & Highways,NHAI,618579,6L of Anandapuram Pendurthi Anakapalli Section from km. 681.000 to km. 731.780 of NH-16,2527,2957.25,2378.74,100,2021-07-01,2026-10-31,2018-01-19,1
789,Roads & Highways,Ministry of Road Transport & Highways,NHAI,618531,6L of Aurangabad to Bihar-Jharkhand border Chordaha section from km. 180.000 to km. 209.827 of NH-2 PKG-01,1054,786.81,242.25,38,2026-12-17,2026-12-17,2021-02-10,0
790,Roads & Highways,Ministry of Road Transport & Highways,NHAI,618597,6L of Azhiyur-Vengalam from km. 189.200 to km. 230.400 of NH-66,3206,3898.46,2428.32,60,2024-07-04,2028-03-30,2020-10-14,1
791,Roads & Highways,Ministry of Road Transport & Highways,NHAI,619109,6L of Badakumari - Karki Section from Km 179.000 to km 226.500 of NH-130-CD Package OD-3,1102,1374.43,713.51,100,2024-04-11,2026-09-30,2021-03-25,1
792,Roads & Highways,Ministry of Road Transport & Highways,NHAI,618595,6L of Chengala - Neeleshwaram from km. 56.200 to km. 93.468,1746,2538.06,1455.92,91,2024-04-15,2027-03-31,2020-06-02,1
793,Roads & Highways,Ministry of Road Transport & Highways,NHAI,618585,6L of Gonde Km. 439.038 to Pimpri Sado Km. 459.905 section of NH-848 Old NH-3,857,718.84,160.2,40,2027-04-11,2027-11-04,2024-02-28,0
794,Roads & Highways,Ministry of Road Transport & Highways,NHAI,619213,6L of Hatibena - Badakumari Section from Km 146.50 to km 179.00 of NH-130-CD Package OD-2,791,1070.63,734.23,100,2024-03-02,2026-09-30,2021-02-11,1
795,Roads & Highways,Ministry of Road Transport & Highways,NHAI,618610,6L of Jodhpur Romana Bathinda - Mandi Dabwali Punjab Haryana Border section of NH-54 from km. 0.000 to km. 27.400 of NH-54,789,1318.91,719.19,99,2025-08-10,2026-09-30,2020-05-19,1
796,Roads & Highways,Ministry of Road Transport & Highways,NHAI,618513,6L of Kagal-Satara section from Km 592.500 to Km 658.000 of NH-48 Pkg-I,2112,1435.46,634.62,51,2025-01-11,2027-02-28,2021-12-22,0
797,Roads & Highways,Ministry of Road Transport & Highways,NHAI,618514,6L of Kagal-Satara section from Km 658.000 to Km 725.000 of NH-48 Pkg-II,2331,317.4,206.69,90,2024-12-15,2026-12-31,2021-12-22,0
798,Roads & Highways,Ministry of Road Transport & Highways,NHAI,618603,6L of Kodugallur to Edapppally section from km 397.750 to km 423.780 of NH - 66 old NH-17,3466,3606.2,2178.79,71,2025-04-21,2027-05-31,2021-11-09,1
799,Roads & Highways,Ministry of Road Transport & Highways,NHAI,618772,6L of Kumarajapet to Veera Kaveri Raja Puram from km 43.800 to km 61.380 of NH-716B Pkg-II,703,799.36,405.96,100,2025-10-29,2026-09-30,2021-02-10,1
800,Roads & Highways,Ministry of Road Transport & Highways,NHAI,618631,6L of MH/KN Border Nimbal Village to KN/TS Border Singnodi Village from Km. 162.5 to Km. 203.100 in Raichur of NH-150C Pkg-IV,1500,1457.48,840.34,100,2025-05-13,2026-09-30,2022-03-16,0
801,Roads & Highways,Ministry of Road Transport & Highways,NHAI,618630,6L of MH/KN Border Nimbal Village to KN/TS Border Singnodi Village from Km. 26.000 to Km. 97.000 in Gulbarga of NH-150C Pkg-II,2356,1923.3,1017.39,81,2025-06-27,2026-12-31,2022-02-24,0
802,Roads & Highways,Ministry of Road Transport & Highways,NHAI,619211,6L of MH/KN Border Nimbal Village to KN/TS Border Singnodi Village from Km. 97.000 to Km. 162.500 in Yadgir of NH-150C Pkg-III,2105,2065.83,1003.62,74,2025-10-22,2027-03-31,2022-03-04,0
803,Roads & Highways,Ministry of Road Transport & Highways,NHAI,619140,6L of Naidupeta Junction - Turpukanupur Section from km 57.046 to km 91.927,1399,965.58,397.32,54,2025-10-19,2027-09-03,2022-08-10,0
804,Roads & Highways,Ministry of Road Transport & Highways,NHAI,619206,6L of Perole Nileshwar town to Taliparamba from Km 94.248 to Km 134.650 of NH-66,3042,3867.66,2526.57,87,2024-01-11,2027-03-31,2020-06-19,1
805,Roads & Highways,Ministry of Road Transport & Highways,NHAI,618635,6L of Pondavakkam to Kannigaipair from km 96.040 to km 116.100 of NH 716B Pkg-IV,1360,1359.81,409.63,45,2025-01-23,2027-12-31,2021-02-10,0
806,Roads & Highways,Ministry of Road Transport & Highways,NHAI,618599,6L of Ramanatukkara Junction to start of Valanchery bypass section of NH-66,4919,4919.46,3764.41,100,2024-07-19,2026-09-30,2021-01-28,1
807,Roads & Highways,Ministry of Road Transport & Highways,NHAI,618596,6L of Taliparamba to Muzhappilangad from Km 134.650 to Km 170.6 of NH-66,2715,3557.65,2020.57,84,2024-05-26,2028-01-31,2020-08-03,1
808,Roads & Highways,Ministry of Road Transport & Highways,NHAI,618602,6L of Thalikulam to Kodugallur section from km 369.015 to km 397.850 of NH - 66 old NH-17,4302,4302.06,3320.63,95,2025-02-14,2027-06-30,2021-06-24,1
809,Roads & Highways,Ministry of Road Transport & Highways,NHAI,618600,6L of Valanchery bypass to Kappirikkad of NH 66 from km. 298500 to km 335850,4024,4023.94,2593.06,100,2024-07-19,2026-09-30,2021-02-10,0
810,Roads & Highways,Ministry of Road Transport & Highways,NHAI,618634,6L of Veera Kaveri Raja Puram to Pondavakkam from km 61.380 to km 96.040 of NH 716B Pkg-III,1440,1439.77,809.3,99,2025-01-24,2026-09-15,2021-03-31,0
811,Roads & Highways,Ministry of Road Transport & Highways,NHAI,618711,6L with access control provision Saharanpur bypass to Ganeshpur section from 13.89 Km to 41.820 Km of Delhi- Dehradun Economic Corridor package-2,797,560.03,510.29,99,2024-11-03,2026-09-30,2022-04-28,0
812,Roads & Highways,Ministry of Road Transport & Highways,NHAI,618564,6L with PS of Samakhiyali to Santalpur section from km. 339.700 to Km. 430.100 of NH-27,1554,34.34,29.11,65,2025-12-27,2027-03-31,2023-01-17,0
813,Roads & Highways,Ministry of Road Transport & Highways,NHAI,619161,Access Controlled Highway of 4 Lane with Paved Shoulders from Tiruvallur Design Chainage Km 1756 to TN/AP Broder Design Chainage Km 6151 of NH-716 Chennai-Tirupati Package-1,1376,1247.7,182.19,46,2026-12-27,2027-03-31,2024-03-07,0
814,Roads & Highways,Ministry of Road Transport & Highways,NHAI,618920,Access Controlled Highway of 4 Lane with Paved Shoulders from TN/AP Border Design Chainage Km 6151 to Puttur Design Chainage Km 81540 of NH-716 & 6 Lane with Paved Shoulders from Mallavaram to Renigunta,1347,1260.37,204.93,42,2026-12-13,2027-03-31,2024-03-11,0
815,Roads & Highways,Ministry of Road Transport & Highways,NHAI,618505,Additional Structures on 6LGurgaon-Jaipur Section of NH-48 between KM 42.700 to KM 273.00,410,290.64,204.85,89,2024-06-25,2026-11-30,2022-08-03,0
816,Roads & Highways,Ministry of Road Transport & Highways,NHAI,618620,"Additional works 2VUPs, MR-10 junction flyover and underpass in Six lane Indore-Dewas section of NH-52 in the state of Madhya Pradesh on EPC Mode",208,211.27,155.24,90,2024-07-17,2027-03-31,2022-08-04,1
818,Roads & Highways,Ministry of Road Transport & Highways,NHAI,618636,Akkalkot MH/KN border New Greenfield corridor from Km 512.000 to Km 548.400 of NH-150C part of Akkalkot KN/TS Border section Package XIV,1371,1403.49,336.55,58,2026-10-02,2027-06-30,2023-03-28,1
819,Roads & Highways,Ministry of Road Transport & Highways,NHAI,618795,Amritsar Bypass Pkg III from km. 71.496 to km. 105.158,1475,1228.42,1223.82,83,2024-08-30,2026-12-31,2021-02-11,0
820,Roads & Highways,Ministry of Road Transport & Highways,NHAI,618794,Amritsarairport Junction - Ramdas from km. 100.835 to km. 139.813 Pkg - IV,525,416.58,403.35,96,2023-09-17,2026-10-30,2020-12-31,0
822,Roads & Highways,Ministry of Road Transport & Highways,MoRTH,617947,Arawali Kante section of NH-17New NH-66 4L PS from Km.241/300 to 281/300,1007,1443.09,773.14,80,2019-11-13,2026-03-31,2016-03-31,1
823,Roads & Highways,Ministry of Road Transport & Highways,NHAI,618604,Aroor-Thuravoor Thekku,2430,2382.83,1802.77,92,2026-01-30,2026-12-07,2022-08-18,0
824,Roads & Highways,Ministry of Road Transport & Highways,NHAI,619152,Bakhtiyarpur Km 153.300 to Mokama Km 197.900,1899,1898.84,1799.39,100,2019-12-10,2026-09-30,2015-12-01,0
825,Roads & Highways,Ministry of Road Transport & Highways,NHAI,618861,Bakhtiyarpur-Rajauli Pkg-II from km. 54.405 to km.101.630,897,1397.47,914.29,98,2023-07-11,2026-09-30,2020-09-09,1
826,Roads & Highways,Ministry of Road Transport & Highways,NHAI,618862,Bakhtiyarpur-Rajauli Pkg-III from km. 101.630 to km.152.520,2156,3046.61,1823.64,99,2024-06-27,2026-09-30,2020-09-09,1
827,Roads & Highways,Ministry of Road Transport & Highways,NHAI,618637,Bal. Works of Fagne Km. 510.000 to Maharashtra/Gujarat Border Km. 650.794,1654,1672.89,1448.08,100,2022-09-18,2026-12-31,2019-12-27,1
830,Roads & Highways,Ministry of Road Transport & Highways,NHAI,618942,Balance work of 2L PS from Km 30.800 to Km 70.800 and 2L with Rigid Carriageway from Km 70.800 to km 84.120 of Khanapur- KA/GOA Border section of NH-4A,227,149.44,110.31,86,2024-05-21,2027-03-31,2022-01-17,0
831,Roads & Highways,Ministry of Road Transport & Highways,NHAI,619089,Balance work of 4L of NarimbangloJatinga Junction- Harangajoroad section from Km 0.000 to Km 49.230 of NH-27,1910,2745.74,1434.97,98,2026-01-15,2026-09-30,2022-03-03,1
832,Roads & Highways,Ministry of Road Transport & Highways,NHAI,618594,Balance work of 4L Panvel to Indapur section of NH-66 Old NH- 17 from km 0.000 Panvel to km 42.300 Kasu,330,196.87,188.13,99,2024-10-22,2026-09-30,2022-12-13,0
833,Roads & Highways,Ministry of Road Transport & Highways,NHAI,618592,"Balance work of 8 nos. of Elephant Underpasses EUPs, 1 no. of Vehicular Underpass VUP, 1 nos. of Light Vehicular Underpass LVUP, 1 nos. of Pedestrian Underpass PUP, 1 nos. of Foot Over Bridge FOB and A2 side approach of Jharpokharia Flyover at Km.215.270 in Baharagora-Singhara section of NH-49",321,244.85,55.3,25,2026-05-02,2027-10-31,2023-09-26,0
835,Roads & Highways,Ministry of Road Transport & Highways,MoRTH,618009,Balance work of Construction of Ring Road for Raebareli City on eastern side of NH-24B Phase-1 on EPC mode.,320,347.8,293.18,95,2022-04-04,2026-12-31,2019-12-10,1
838,Roads & Highways,Ministry of Road Transport & Highways,MoRTH,618198,Balance work of Rehabilitation and Up-gradation to 2-lane road with paved shoulders configuration for NH- 965DD from Pacharal-Mandangad-Mhapral-Rajewadi Upto Junction of NH-66 Ch-22700 to 75100 Km and Ambadave connector Birth place of Dr. Babasaheb Ambedkar Ch-0000 to 7325 Km length Km 59.725 in the state of Maharashtra on EPC mode. Balance Work,389,341.69,249.66,93,2024-01-04,2026-10-31,2018-03-27,0
840,Roads & Highways,Ministry of Road Transport & Highways,NHAI,618593,Balance work of Rehabilitation and Upgradation to four laning of Baharagora Singhara section of NH-49 from Km.229.727 to Km.238.990 Length 9.263 Km. including construction of five nos. of Elephant Underpasses EUP and fourteen nos. of Animal Underpasses AUP inside the buffer zone of Similipal Tiger Reserve Area in Bangriposi Ghat section in the State of Odisha on EPC Mode,263,163.07,14.33,10,2027-11-22,2027-11-22,2025-03-21,0
841,Roads & Highways,Ministry of Road Transport & Highways,NHAI,618507,"Balance work of Six Laning of Shamlaji-Motachiloda from Km. 401.200 to Km.494.410 section Design Chainage Km.447.385 to Km 540.595, Length- 93.210 Km of old NH-8 NH-48 in the state of Gujarat on single Percentage Item Rate Contract",467,501.48,581.28,92,2025-06-06,2026-09-30,2024-06-07,1
845,Roads & Highways,Ministry of Road Transport & Highways,NHAI,618898,Balance Works for Four laning of Vikravandi to Sethiyathope section from Km 0.0 to Km 65.96 of NH-45C in Tamil Nadu under NHDP Phase-IV on EPC mode,1163,834.46,320.41,38,2027-06-24,2027-06-24,2025-01-22,0
846,Roads & Highways,Ministry of Road Transport & Highways,NHAI,618522,Balance Works for six laning of Sriperumbudur to karaipettai section of NH-4 New NH-48 from 37000 Existing Km 37000 to Km 71015 Existing Km 71000 in Tamilnadu on EPC mode underNHDP Phase-V,411,411.16,161.6,38,2026-10-27,2027-03-31,2024-06-07,1
847,Roads & Highways,Ministry of Road Transport & Highways,NHAI,619160,Balance works in AP Portion and punch list items in TN & AP portion of NH-205,167,113.46,98.52,100,2025-01-04,2026-01-05,2022-10-06,0
848,Roads & Highways,Ministry of Road Transport & Highways,NHAI,618784,Balance works of 4 lane divided carriageway of Missing Link section of NH-39 Rewa Bypass from junction with NH 30 near Bela to Junction with MPRDC ring road near Silpara on SH 9 design length 13.100 km on EPC Mode under Bharatmala Pariyojana in the State of Madhya Pradesh,355,355.36,264.26,84,2026-04-23,2027-01-31,2023-08-16,1
849,Roads & Highways,Ministry of Road Transport & Highways,NHAI,618574,Balance Works of 4L of NH-31D from Km. 113.200 to Km. 154.854 Package-II A Ghoshpukur-Salsalabari Section,1818,962.31,461.24,61,2027-06-01,2027-06-01,2023-11-14,0
850,Roads & Highways,Ministry of Road Transport & Highways,NHAI,619222,"Balance works of four lane from km 43.950 Thiruvallur Bypass to km 61.470 Veppampattu Bypass passing through Thannerkulam, Thozur and Sevapet Bypass 17.520 kms of Tirupathi- Tiruttani- Chennai section of NH 205",468,699.68,596.15,98,2024-09-20,2026-09-30,2022-03-08,1
852,Roads & Highways,Ministry of Road Transport & Highways,NHAI,619199,Bangalore Chennai Expressway Phase-II Pkg-I from km.71.000 to Km 96.000 Bethamangala in the state of Karnataka to Byreddypalli,1410,1410.01,747.22,99,2024-10-09,2026-09-30,2020-12-04,1
853,Roads & Highways,Ministry of Road Transport & Highways,NHAI,618475,Bangalore Chennai Expressway Phase-II Pkg-II from km.96.000 to Km 127.000 Baireddypalle to Bangarupalem section,2548,2548.04,1332.88,94,2025-06-07,2026-10-30,2021-02-19,1
854,Roads & Highways,Ministry of Road Transport & Highways,NHAI,618476,Bangalore Chennai Expressway Phase-II Pkg-III from km.127.000 to Km 156.000 Bangarupalem to Gudipala section,1407,1407.33,868.76,99,2024-10-03,2026-09-30,2020-11-23,1
855,Roads & Highways,Ministry of Road Transport & Highways,NHAI,618477,Bangalore Chennai Expressway Phase-III Package I Gudipala to Walajajhpet from Km 156.000 to Km 180.000,1482,1481.87,751.77,99,2024-05-28,2026-10-31,2020-10-21,0
856,Roads & Highways,Ministry of Road Transport & Highways,NHAI,618478,Bangalore Chennai Expressway Phase-III Package II Walajahpet to Arakkonam from Km 180.000 to Km 204.500,1107,1106.65,616.01,93,2024-07-14,2026-10-31,2021-01-08,0
857,Roads & Highways,Ministry of Road Transport & Highways,NHAI,618479,Bangalore Chennai Expressway Phase-III Package III Arakkonam to Kancheepuram from Km 204.500 to Km 230.000,1525,1525.1,360.95,54,2024-07-29,2027-12-31,2020-12-08,1
858,Roads & Highways,Ministry of Road Transport & Highways,NHAI,618519,Bangalore Ring Road STRR-NH-948A- Package-I of Phase-III from Belagondapalli TN to TN/KNT border from km 144.480 to 179.969,1261,1218.47,777.13,93,2025-05-16,2026-12-31,2022-03-16,0
859,Roads & Highways,Ministry of Road Transport & Highways,NHAI,618706,Bangalore-Nidagatta Pkg. I,3496,4087.42,4315.2,99,2021-11-09,2026-09-30,2018-02-13,1
860,Roads & Highways,Ministry of Road Transport & Highways,NHAI,619072,Bangalore/TN border to Hoskote,1182,1297.76,1154.93,95,2025-02-14,2026-11-30,2022-02-14,1
861,Roads & Highways,Ministry of Road Transport & Highways,NHAI,618863,Barhi-Koderma Section of NH31 km 0.00 - km 27.5,662,826.59,828.1,98,2024-08-03,2026-09-30,2017-02-27,1
862,Roads & Highways,Ministry of Road Transport & Highways,NHAI,618533,Barwa Adda Km. 398.240 to Panagarh Km. 521.120,1560,1568.22,1696.36,100,2016-09-26,2026-09-30,2010-08-17,1
863,Roads & Highways,Ministry of Road Transport & Highways,NHAI,618799,Belakeri Port to Kumta - Sirsi road from km 0.00 - km 4.265 of Belekeri Port Road Link Rd. and km 4.965 - km 60.00 of SH-69,440,456.79,476.34,95,2022-12-07,2026-11-28,2018-03-27,1
864,Roads & Highways,Ministry of Road Transport & Highways,NHAI,619164,Belgaum-Khanapur Pkg I Km 0.000-Km 30.800 of NH-4A,1214,1195.74,917.83,76,2021-09-02,2027-03-31,2018-03-04,0
866,Roads & Highways,Ministry of Road Transport & Highways,NHAI,618664,Berkhedi to Godpehra on NH-44 Sagar link road,525,471.31,391.54,93,2024-11-03,2026-12-31,2022-02-03,0
867,Roads & Highways,Ministry of Road Transport & Highways,NHAI,618523,Bhadrak KM 136.500 to Baleshwar KM 199.141,845,1394.82,785.3,91,2021-09-15,2026-11-30,2014-11-27,1
868,Roads & Highways,Ministry of Road Transport & Highways,NHAI,618925,Bijnor-Kotawali,301,334.48,302.11,99,2023-05-02,2026-09-30,2021-02-25,1
869,Roads & Highways,Ministry of Road Transport & Highways,NHAI,618572,Binnaguri Bypass-Descoped portion of Ghoshpukur-Dhupguri Section of NH-31Dpkg-1,310,306.02,4.92,4,2027-11-06,2027-11-06,2025-03-21,0
870,Roads & Highways,Ministry of Road Transport & Highways,NHAI,618693,Bodhre - Dhule,1345,1292.7,838.04,98,2024-07-27,2026-10-31,2021-02-03,0
871,Roads & Highways,Ministry of Road Transport & Highways,NHAI,618825,Bridge over Ganga River at d/s of Farraka Barrage including Approaches connecting Farakka-Raiganj,622,646.1,637.37,97,2021-12-18,2026-09-30,2018-08-09,1
872,Roads & Highways,Ministry of Road Transport & Highways,NHAI,619150,BRT Tiger Reserve Boundary Km.287.500 to Bangalore Section Km.458.420 of NH-209 in Karnataka,2083,2859.93,2243.04,100,2019-08-20,2026-09-30,2016-04-07,1
876,Roads & Highways,Ministry of Road Transport & Highways,NHAI,619086,Chengapalli km 102.035 to Neelambur Km144.680 and Madukkarai Km 170.880 to Walayar K183.010 Package No. NS-2/BOT/TN-08,1247,285.55,7.46,100,2013-03-07,2026-10-30,2009-10-18,0
878,Roads & Highways,Ministry of Road Transport & Highways,NHIDCL,618449,Construction & Upgradation of existing road to 2-lane with paved shoulder from km27.200 End of Rongli bypass to km37.600New Rolep Bridge of Rhenok-Menla spur NH-717B on EPC Mode under SARDP-NE Phase-A in Sikkim Pkg-II B,230,244.91,249.71,86,2023-04-15,2026-09-30,2020-07-09,1
879,Roads & Highways,Ministry of Road Transport & Highways,NHIDCL,618446,Construction & Upgradation of existing road to 2-lane with paved shoulder from New Rolep Bridge at km 37.600 to Chochenpheri at km 52.00 in the section of Rongli to Chochenpheri of NH 717B Pkg-II C,493,478.79,395.19,79,2024-05-23,2026-09-30,2020-10-07,0
880,Roads & Highways,Ministry of Road Transport & Highways,NHIDCL,618427,Construction & upgradation of existing road to 2-lane with paved shoulder including geometric improvement of Kafer- Lava More section from km 40.00 to km 61.100 of NH717-A on EPC under SARDP-NE A in state of West Bengal Pkg-VA,311,273.78,268.2,96,2023-04-05,2026-12-31,2020-06-25,0
881,Roads & Highways,Ministry of Road Transport & Highways,NHIDCL,618429,Construction & upgradation of existing road to 2-lane with paved shoulder including geometric improvement of sect. from Pedong bypass to Reshi Border km 79.700 to km 96.254 of NH-717A under SARDP-NE-A on EPC as part of Alternate connectivity to Gangtok Lava More-Reshi Border Pkg-VB,345,395.59,418.73,97,2022-04-17,2026-08-31,2020-06-29,1
900,Roads & Highways,Ministry of Road Transport & Highways,NHIDCL,618413,Construction of 2 laning with Hard shoulder of Peren-Dimapur section on NH 129A from Design Km 146.208 to Km 163.592 Length- 17.384 km in the state of Nagaland on EPC mode under NHO-TSP Package-III,178,199.02,111.89,96,2025-06-06,2026-09-30,2021-02-11,1
910,Roads & Highways,Ministry of Road Transport & Highways,NHIDCL,618291,"Construction of 2-lane with Paved shoulder of Kohima-Bypass Road connecting NH- 39 New NH-02, NH150New NH-02, NH7-61 New NH-29 and NH-39 New NH-02 from Design km 21.000 to km 32.268 [Design length11.268 km] in the state of Nagaland Under SARDP-NE on EPC Mode Package- 3",160,342.29,128.51,40,2025-06-15,2026-12-31,2020-07-31,1
911,Roads & Highways,Ministry of Road Transport & Highways,NHIDCL,618293,"Construction of 2-Lane with paved shoulder of Kohima-Bypass Road connecting NH-39New NH-02, NH-150New NH-02, NH-61New NH-29 and NH-39New NH-02 from design Km 0.00 to Km 10.500 in the State of Nagaland under SARDP-NE on EPC Mode Package-1 -Balance work",232,350.88,120.94,27,2026-11-08,2026-11-08,2020-07-07,1
920,Roads & Highways,Ministry of Road Transport & Highways,NHIDCL,618448,Construction of 2-Laning with Paved Shoulder of New Greenfield Alignment From Chochenpheri at Km 52000 to Helipad near Menla at Km 82000 of Rhenock-Menla Spur NH-717B Package-IIIA on EPC Basis under SARDP-NE Phase 'A' in the State of Sikkim.,817,786.6,474.96,64,2023-12-09,2027-05-19,2020-10-07,0
921,Roads & Highways,Ministry of Road Transport & Highways,NHIDCL,618447,Construction of 2-Laning with Paved Shoulder of New Greenfield Alignment From Helipad near Menla at Km 82000 to Menla at Km 94030 of Rhenock-Menla Spur NH-717B Package-IIIB on EPC Basis under SARDP-NE Phase 'A' in the State of Sikkim.,411,379.3,241.77,83,2024-02-24,2027-05-31,2021-01-18,0
922,Roads & Highways,Ministry of Road Transport & Highways,NHAI,618556,"Construction of 26 VUPs, Major Bridge, Service Road etc. on Lalitpur-Sagar-Lakhnadon section of NH-44 NS",666,665.91,574.39,97,2026-03-05,2026-08-10,2023-02-01,0
923,Roads & Highways,Ministry of Road Transport & Highways,NHAI,619293,Construction of 4 Lane Access Controlled Bypass for Dehradun on NH307 from Design Chainage km 0050 Jhajra on NH-07 to Design Chainage km 12220 Asharori on EPC Mode in the State of Uttarakhand under NHO,716,337.11,204.77,63,2027-04-23,2027-04-23,2023-12-07,0
935,Roads & Highways,Ministry of Road Transport & Highways,NHAI,619142,Construction of 4-lane connectivity to Banbasa ICP at India Nepal border from NH-09 old NH-125 Sitarganj-Tanakpur at Km 40.00 near Jagbuda bridge under Bharatmala Priyojana of NH-109D on EPC mode in the State of Uttarakhand,217,237.01,218.93,75,2024-09-01,2027-04-11,2022-06-17,1
936,Roads & Highways,Ministry of Road Transport & Highways,MoRTH,618001,"Construction of 4-lane flyover at Amberpet-X road, Hyderabad on NH-202 in the State of Telangana",217,265.88,214.53,92,2023-06-28,2026-06-30,2018-05-08,1
938,Roads & Highways,Ministry of Road Transport & Highways,NHIDCL,618308,Construction of 4-Lane Panchgram Bypass from Design Chainage km 15500 on NH-37 Old NH-53 at Kalinagar Pt.-I Village to Design Chainage km 27300 at crossing with NH-6 Old NH-44 Near Siddeswar Pt.-I Village on Silchar - Churaibari stretch in the State of Assam on EPC Mode under Bharatmala Pariyojana in Economic Corridors Silchar- Churaibari Package-2,676,728.97,358.25,60,2027-02-09,2027-03-31,2023-03-16,1
942,Roads & Highways,Ministry of Road Transport & Highways,NHAI,618869,"Construction of 4/6 lane Highway of Southern Bareilly Bypass, starting at Ch. 237000 of NH 530 near Jhumka chauraha, Dhantiya village and ending at Ch. 267000 of NH 30 near Invertis University including Trumpet Interchange",1122,1869.59,622.57,16,2028-06-23,2028-06-23,2024-12-18,1
943,Roads & Highways,Ministry of Road Transport & Highways,NHAI,618500,Construction of 4L Connector from Delhi Meerut Expressway Km 50.000 of Pkg IV to Km 8.520 of NH-235 Pkg-5,1081,1116.19,463.14,78,2024-03-29,2026-09-30,2021-09-06,1
944,Roads & Highways,Ministry of Road Transport & Highways,NHAI,618609,Construction of 4L Flyover from MES College Junction to Bogmalo Junction on NH-566 from Km. 7.106 to Km. 10.460 and 4L VUP at Queeny Nagar Junction from Km. 3.330 to Km. 4.550,463,316.28,182.85,59,2026-07-31,2027-05-31,2024-01-18,0
946,Roads & Highways,Ministry of Road Transport & Highways,NHAI,618524,Construction of 6 lane elevated corridor including its approaches from Km. 629880 to Km. 634470 Design Chainage of NH-16 in Ranasthalam Town portion in the state of Andhra Pradesh on EPC Mode under NHO.,258,192.85,61.8,39,2027-03-20,2027-08-31,2024-07-16,0
949,Roads & Highways,Ministry of Road Transport & Highways,NHAI,618932,Construction of 6 lane Indore western bypass from km 0000 to Km 34000 Pkg -l in the State of Madhya Pradesh on Hybrid Annuity Mode under NHO,1535,1472.68,721.68,28,2027-12-31,2027-12-31,2024-02-28,0
951,Roads & Highways,Ministry of Road Transport & Highways,MoRTH,618233,Construction of 6-lane bridge on Ganga on NH-96 and its approaches in Phaphamau Allahabad on EPC mode,1948,1465.41,1295.12,92,2024-02-15,2026-09-30,2018-07-11,0
953,Roads & Highways,Ministry of Road Transport & Highways,NHAI,618591,"Construction of 6-lane flyover at Ainthapali junction and a 2-lane ROB LHS on NH-53 Earlier NH-6 in Sambalpur, on EPC mode in Odisha under NHO",374,211.74,112.53,54,2026-12-18,2026-12-18,2024-03-11,0
955,Roads & Highways,Ministry of Road Transport & Highways,NHAI,618627,Construction of 7 Nos of Standalone safety structures/works at different locations on various NHs,169,112.03,38.33,33,2027-01-27,2027-01-20,2025-01-16,0
959,Roads & Highways,Ministry of Road Transport & Highways,NHAI,618882,Construction of additional 3-Lane Bridge over River Ganga for connection between Buxar and Bharauli on NH-922 in the State of Uttar Pradesh and Bihar on Hybrid Annuity Mode,532,444.92,47.4,22,2028-02-19,2028-02-19,2024-03-15,0
961,Roads & Highways,Ministry of Road Transport & Highways,NHAI,618508,Construction of Additional Structures including Approaches in Vadodara Surat Section of NH48 between existing Km. 108.000 to Km. 250.000,907,907.39,376.84,49,2027-01-28,2027-06-30,2024-03-06,1
962,Roads & Highways,Ministry of Road Transport & Highways,NHAI,618506,"Construction of Additional Structures, Improvement of Service Road & Maintenance of Six Lane Gurgaon-Jaipur Section of NH-48 old NH-8 between km 42700 to km 107100 in the State of Haryana",402,240.02,143.18,61,2027-05-05,2027-05-05,2024-05-29,0
966,Roads & Highways,Ministry of Road Transport & Highways,NHAI,619301,Construction of Approach Road to Rail-cum- Road Bridge across river Ganga at Munger Ghat NH-333 B,538,633.91,574.02,100,2021-05-28,2026-09-30,2013-07-29,1
971,Roads & Highways,Ministry of Road Transport & Highways,NHIDCL,618441,"Construction of Balance Work of 4-Laning of the Section from Jhanji to Demow of NH-37 Old from Km 490.800 to Km 501.800 11.000 Km, under SARDP- NE under EPC Mode in the state of Assam Pkg-I Road Works",468,476.5,97.88,89,2025-09-28,2026-10-31,2016-01-04,1
972,Roads & Highways,Ministry of Road Transport & Highways,NHIDCL,618440,"Construction of Balance Work of 4-Laning of the Section from Jhanji to Demow of NH-37 Old from Km 490.800 to Km 534.800, under SARDP- NE on EPC Mode in the state of Assam Pkg- IV Structures & Toll Plaza",187,100.22,16.71,63,2025-10-13,2026-10-31,2016-01-04,0
973,Roads & Highways,Ministry of Road Transport & Highways,NHIDCL,619013,"Construction of Balance Work of 4-Laning of the Section from Jhanji to Demow of NH-37 Old from Km 501.800 to Km 514.800 13.000 Km, under SARDP- NE under EPC Mode in the state of Assam Pkg-II Road Works",509,542.87,114.14,81,2026-01-22,2026-10-31,2014-10-31,1
974,Roads & Highways,Ministry of Road Transport & Highways,NHIDCL,619060,"Construction of Balance Work of 4-Laning of the Section from Jhanji to Demow of NH-37 Old from Km 514.800 to Km 534.800 20.000 Km, under SARDP- NE under EPC Mode in the state of Assam Pkg-III Road Works",345,619.7,56.61,74,2025-09-28,2026-10-31,2014-10-31,1
976,Roads & Highways,Ministry of Road Transport & Highways,NHIDCL,619186,Construction of Balance works of Major Bridge over Middle Strait Creek between Km.106.590 to km108.553 of NH-04 connecting South Andaman & Baratang Island in the Union Territory of Andaman & Nicobar Islands on EPC basis,263,371.88,112.15,13,2026-02-25,2026-12-31,2015-03-31,1
981,Roads & Highways,Ministry of Road Transport & Highways,MoRTH,619005,Construction of bypass around Chatra Town on NH-22 old NH-99 in the state of Jharkhand under EPC Mode,235,199.2,44.83,14,2028-01-01,2028-01-01,2023-03-17,0
986,Roads & Highways,Ministry of Road Transport & Highways,MoRTH,617962,"Construction of Bypass to Madurai Achambathu Viratipathu in between km 6/850 10/382 of NH 49 Extn New NH 85 including Land Acquisition on Engineering, Procurement & Construction EPC basis Contract under NH O Annual Plan 2021-22 in the state of Tamil Nadu job No.NH-49 Extn New NH 85 - TN-2021-22-997",239,260.07,217.37,94,2026-08-23,2026-10-31,2022-03-21,1
994,Roads & Highways,Ministry of Road Transport & Highways,MoRTH,617935,"Construction of Elevated corridor from Km. 135.650 to 136.300 on 63, from Km. 249 to Km. 250.050 on old NH-4 and from Km. 192.910 to Km. 193.350 on NH-218 from decongestion of traffic in Ranichennamma circle in Hubli city in the state of Karnataka on EPC basis",298,349.49,262.05,65,2024-06-04,2026-11-30,2020-08-31,1
995,Roads & Highways,Ministry of Road Transport & Highways,NHAI,618525,Construction of flyover at Gammon Junction at Km.903.265 on NH16 including vent at Diwancheruvu junction at Km.902.308 Blackspot ID No.AP03299 in Andhra Pradesh on EPC mode under NHO,327,223.29,60.66,26,2027-10-20,2027-10-20,2025-03-07,0
996,Roads & Highways,Ministry of Road Transport & Highways,NHAI,619141,Construction of four lane access controlled highway from Chillakuru cross road to Turpu KanupurPart 1 of Package - II km 0.000 131.500 of NH - 16 to km 23.770 on New NH-516W including six lane flyover and approaches on NH-16 length km 1.050 and six lane access controlled from Turpu Kanupur to Port South Gate Part 2 of Package - II km 23.770 to km 35.015 on New NH-516W in the state of Andhra Pradesh on HAM Mode under Bharatmala Pariyojana Phase I,864,844.39,369.28,56,2025-12-06,2026-03-08,2022-08-10,0
997,Roads & Highways,Ministry of Road Transport & Highways,NHAI,618853,Construction of Four lane Elevated Structure at Raniwada Circle in Sanchore City on NH-68,353,241.34,199.77,89,2026-07-11,2026-11-22,2024-01-29,0
999,Roads & Highways,Ministry of Road Transport & Highways,NHAI,618884,Construction of Four Lane Highway from Ghazipur- Ballia-UP/Bihar State Border Greenfield section of NH-31 Package II [from Shahapur km 42.500 to Pindari km 78.150] on EPC Mode in the state of Uttar Pradesh.,1494,1311.44,790.31,98,2025-10-26,2026-09-30,2022-10-14,0
1000,Roads & Highways,Ministry of Road Transport & Highways,NHAI,619154,Construction of Four Lane Highway from Ghazipur- Ballia-UP/Bihar State Border Greenfield section of NH-31 Package III [from Pindari km 78.150 to Rawalganj Bypass Km 117.120] on EPC Mode in the state of Uttar Pradesh.,1494,1493.59,1064.59,86,2025-08-28,2026-11-30,2022-10-05,0
1001,Roads & Highways,Ministry of Road Transport & Highways,NHAI,618885,Construction of Four Lane Highway from Ghazipur- Ballia-UP/Bihar State Border Greenfield section of NH-31 Package IV [from Buxur Spur of length km 17.270 on EPC Mode in the state of Uttar Pradesh.,618,549.02,286.85,91,2025-06-14,2026-11-30,2022-10-12,0
1002,Roads & Highways,Ministry of Road Transport & Highways,MoRTH,618164,Construction of four lane highway with paved shoulder from Km.74.700 to Km.112.950 of NH-731A i/c Yamuna Bridge on HAM in the state of Uttar Pradesh.,1142,1157.31,627.83,100,2026-06-23,2026-09-30,2022-03-30,1
1005,Roads & Highways,Ministry of Road Transport & Highways,NHAI,618790,Construction of four laning of Bakarpur- Manikpur road section starting from village Chitarsenpur km 0000 and terminating at SH-74 near Manikpur 38814 at NH-139W under Bharatmalapariyona,1422,1537.99,671.84,49,2027-04-05,2027-09-30,2023-03-27,1
1008,Roads & Highways,Ministry of Road Transport & Highways,NHAI,619068,Construction of Greenfield Connectivity to Jewar International Airport from DND-Faridabad-Ballabhgarh Bypass KMP Link - Spur to Delhi Mumbai Expressway,2921,3485.77,1804.32,76,2025-06-21,2027-04-16,2022-07-07,1
1018,Roads & Highways,Ministry of Road Transport & Highways,NHAI,618554,Construction of left out portion of Agra Inner Ring Road connecting village Deori to NH-44 village Bad from Km. 0.000 to Km. 7.772,879,787.58,629.11,94,2024-09-19,2026-11-30,2022-07-15,0
1020,Roads & Highways,Ministry of Road Transport & Highways,MoRTH,617989,Construction of Major Bridge at Km.180.865 across river Krishna on NH 167 Hagari Jadcherla section,157,187.61,16713.2,69,2021-11-06,2027-04-30,2019-03-06,1
1021,Roads & Highways,Ministry of Road Transport & Highways,NHAI,618956,Construction of Major Bridge over Baghmati and Lakhandei River along with Approaches from Design km.16.500 to km.21.500,499,380.3,57.79,27,2027-04-30,2028-03-16,2024-02-14,0
1023,Roads & Highways,Ministry of Road Transport & Highways,MoRTH,618081,Construction of Mariahu Bypass with four lane paved shoulder configuration Km. 53.540 to Km.59.200 of NH-135A on EPC mode in the state of Uttar Pradesh,438,362.39,255.05,55,2026-02-28,2026-12-31,2023-03-01,0
1024,Roads & Highways,Ministry of Road Transport & Highways,MoRTH,618253,Construction of missing link from Birhu to Lathiani from Km 35/550 Design chainage Km 0.000 to Km 42/800 Design Chainage Km 8.153on NH-503A including Lathiani Bridge on back water of Govindsagar and its approaches in Himachal Pradesh.,871,896.86,100.56,6,2029-03-29,2029-03-29,2023-06-23,1
1030,Roads & Highways,Ministry of Road Transport & Highways,NHAI,618801,Construction of New Double Tier 4-lane Elevated Corridor from Chennai Port to Maduravoyal in Chennai District from Km -0342 to Km 20223 Package 1 from Km -0342 to Km 4604,1389,1388.59,297.34,23,2026-05-20,2029-03-31,2023-03-15,0
1031,Roads & Highways,Ministry of Road Transport & Highways,NHAI,618800,Construction of New Double Tier 4L Elevated Corridor from Chennai Port to Maduravoyal in Chennai District from km -0.342 to Km 20.593 and Package II from Km 4.604 to Km 9.700,1617,1616.97,271.12,18,2026-05-20,2029-03-31,2023-03-15,0
1032,Roads & Highways,Ministry of Road Transport & Highways,NHAI,619139,Construction of New Double Tier 4L Elevated Corridor from Chennai Port to Maduravoyal in Chennai District from km -0.342 to Km 20.593 and Package III from Km 9.700 to Km 14.185,1299,1299.36,209.5,17,2026-05-20,2029-03-31,2023-03-15,1
1033,Roads & Highways,Ministry of Road Transport & Highways,NHAI,619045,Construction of New Double Tier 4L Elevated Corridor from Chennai Port to Maduravoyal in Chennai District from km -0.342 to Km 20.593 and Package IV from Km 14.185 to Km 20.593,1205,1210.21,96.86,9,2026-05-20,2029-03-31,2023-03-15,1
1035,Roads & Highways,Ministry of Road Transport & Highways,MoRTH,617960,Construction of new road at the missing link portion of NH-81 along approved alignment between Harishchandrapur and Eastern approach of Kalindri Bridge from Km 46.550 to Km 59.697 in the district of Malda. Job No-081-WB-2015-16/400,271,291.2,226.54,86,2018-11-01,2026-10-31,2016-08-12,1
1043,Roads & Highways,Ministry of Road Transport & Highways,NHAI,618540,Construction of Ring Road around Kanpur from Ch.23.325 to Ch.32.090 Chaudhariya to Transganga Package-IIA,1089,977.45,260.33,50,2027-10-31,2028-04-29,2024-08-02,0
1044,Roads & Highways,Ministry of Road Transport & Highways,NHAI,618538,Construction of Ring Road around kanpur from Ch.51.200 to Ch. 68.650 Badarka to Harbanch-Uchti Pkg-III,1793,1126.75,297.75,35,2027-07-27,2027-07-27,2023-09-06,0
1045,Roads & Highways,Ministry of Road Transport & Highways,NHAI,618536,Construction of Ring Road around Kanpur from Ch.68.650 to Ch.93.209 Jarkala to Pakari Package-IV in State of Uttar Pradesh.,1604,1192.16,287.37,39,2027-06-29,2027-06-29,2023-02-10,0
1046,Roads & Highways,Ministry of Road Transport & Highways,NHAI,618537,Construction of Ring Road around Kanpur from Km.000 to Km. 23.325 Chachendi Sachendi I to Maharajpur Package-I,1754,1311.7,479.58,62,2026-06-06,2027-02-28,2023-01-01,0
1047,Roads & Highways,Ministry of Road Transport & Highways,NHAI,618539,Construction of Ring Road Kanpur from Ch. 32.090 to Ch.51.200 Transganaga to Sathara Package-II B,1089,1106.92,68.11,20,2027-09-21,2027-09-21,2024-08-02,1
1052,Roads & Highways,Ministry of Road Transport & Highways,MoRTH,617931,Construction of ROB and its approaches in lieu of LC No. 10/B/T at Km 307.050 of NH-60.,156,138.57,20.6,17,2025-08-06,2027-10-31,2016-03-04,0
1059,Roads & Highways,Ministry of Road Transport & Highways,NHAI,618535,Construction of Six lane elevated flyover including reconstruction/rehabilitation of existing pavement from Km 406100 to Km 411150 Length 5.05 Km at Gobindpur area in the Barwa Adda Panagarh section of NH-19 from Km.398.240 to Km.521.120 including Panagarh Bypass in the State of Jharkhand on EPC Mode.,688,442.52,80.51,20,2028-03-21,2028-03-21,2025-01-27,0
1063,Roads & Highways,Ministry of Road Transport & Highways,NHAI,618939,Construction of Standalone Flyover cum ROB from Design Ch.66.600 to Design Ch.68.800 in Gadchandur Town on NH-353B,191,107.76,40.01,40,2027-07-25,2027-07-25,2025-02-24,0
1064,Roads & Highways,Ministry of Road Transport & Highways,NHAI,618480,Construction of Trumpet Interchange Connecting Bangalore Chennai Expressway km.261705 to km. 262800 with Maduravoyal to Walajapet Section of NH 48 near Sriperumbudur Toll Plaza at km. 35700,163,162.56,59.96,39,2025-08-23,2026-10-31,2023-05-03,0
1065,Roads & Highways,Ministry of Road Transport & Highways,NHAI,618549,Construction of twin tube tunnels on Jammu Kashmir Ring Road NH-244A Between Design Ch. 50600 to 51700 and design Ch. 53535 to 55700 on EPC mode under residual NHDP component of Bharatmala Pariyojna,243,731.59,678.54,84,2025-06-07,2026-12-31,2022-11-28,1
1068,Roads & Highways,Ministry of Road Transport & Highways,MoRTH,618075,Construction of two lane with paved shoulder from existing Km.0.000 to Km.55.610 design km. 0.000 to km. 54.048 of NH-124D,841,773.58,210.11,77,2026-02-08,2027-03-31,2021-12-22,0
1069,Roads & Highways,Ministry of Road Transport & Highways,MoRTH,618071,Construction of two lane with paved shoulder Gangtok Bypass Road from Ranipool to Burtuk Ch 0.00 Km to 23.316 L23.316 Km in the State of Sikkim,385,342.89,254.56,92,2024-05-22,2026-12-31,2021-10-18,0
1070,Roads & Highways,Ministry of Road Transport & Highways,MoRTH,618169,Construction of Two Lane with paved shoulder highway from Design Ch.0.000 to Ch.49.2OO of NH-731B on EPC Mode,640,602.76,580.93,99,2025-11-29,2026-09-30,2022-03-24,0
1072,Roads & Highways,Ministry of Road Transport & Highways,NHAI,618843,Construction of two lane with paved shoulders bypass to Mungrabadshapur town starting from near Kodahu at Km 47/225 of NH-319D and ending near Nauwadandi at Km 219/720 of NH-31 under NHO in the state of Uttar Pradesh on EPC mode,198,165.28,59.06,23,2027-03-21,2027-03-21,2025-02-13,0
1076,Roads & Highways,Ministry of Road Transport & Highways,NHAI,618963,Construction work of 4-laning of Shahganj bypass end to Badi Package-IV of NH-146B from design km 102.000 to design km 142.357 Design length 40.357 km,784,836.64,347.21,54,2027-03-24,2027-03-24,2024-02-28,1
1078,Roads & Highways,Ministry of Road Transport & Highways,NHIDCL,618426,Construction/Up gradation of Existing road to 2 Lane with Paved Shoulder including Geometric Improvement from Ranipool to Pakyong Balance work from Km 2.000 to 16.167 of NH-717-A on EPC basis under SARDP-NE Phase A in the State of Sikkim,265,380.94,127.34,87,2024-07-06,2026-12-31,2018-03-22,1
1080,Roads & Highways,Ministry of Road Transport & Highways,NHAI,618550,Corridor Efficiency Improvement including removal of black spots in Lakhanpur - Samba section of NH-44 from Chainage Km. 16.300 to Km. 74.100,856,215.68,204.92,75,2024-06-11,2026-12-15,2022-06-16,0
1081,Roads & Highways,Ministry of Road Transport & Highways,NHAI,619119,Cuttack-Angul Section of NH-42 New NH-55 from km 0.400 to km 60.200 Pkg-I in the State of Odisha,999,1178.31,1132.56,99,2020-07-16,2026-12-31,2017-10-25,1
1082,Roads & Highways,Ministry of Road Transport & Highways,NHAI,619215,Cuttack-Angul Section of NH-42 New NH-55 from Km.60.200 to Km. 112.000 Pkg-II in the State of Odisha,991,1168.82,1084.35,100,2020-09-06,2026-12-31,2017-10-25,1
1083,Roads & Highways,Ministry of Road Transport & Highways,NHAI,618518,Davanagere - Haveri of NH-48 Old NH-4 from km. 260.00 to km. 338.923,1455,1805.84,1273.62,99,2020-07-24,2026-12-31,2017-01-12,1
1084,Roads & Highways,Ministry of Road Transport & Highways,NHAI,618804,Dedicated Port road to Krishnapatnam Port Package-I from Km. 0.000 to Km. 18.000,349,341.36,310.54,80,2020-12-19,2027-03-31,2018-03-27,0
1085,Roads & Highways,Ministry of Road Transport & Highways,NHAI,618497,Delhi Amritsar Katra Expressway Phase-II Pkg XVIII Development and Upgradation of Four lane Access Control Expressway from Design Chainage KM 530.00 to KM 545.300 Sidhra to Domel Section of NH-44,1026,975.38,670.32,70,2025-11-19,2027-06-30,2022-12-20,0
1086,Roads & Highways,Ministry of Road Transport & Highways,NHAI,618482,Delhi-Amritsar-Katra Expressway Phase-I Pkg-I from Jussur Kheri on NH-KMP Expressway to Junction with Rohtak-Panipat road NH-709 near Rukhi Paani village Km 0000 to Km 34000,1866,2429.9,1609.72,100,2023-12-26,2026-07-31,2020-12-07,1
1087,Roads & Highways,Ministry of Road Transport & Highways,NHAI,618483,Delhi-Amritsar-Katra Expressway Phase-I Pkg-II from Junction with Rohtak-Panipat road NH-709 near Rukhi Paani village to Junction with Jind-Panipat road NH-352A near Gangana village Km 34000 to Km 60800,1534,1792.53,1176.23,100,2024-01-13,2026-07-31,2020-12-23,1
1088,Roads & Highways,Ministry of Road Transport & Highways,NHAI,618489,Delhi-Amritsar-Katra Expressway Phase-I Pkg-IX from Junction with Ludhiana-Moga road NH-5 near Mullanpur Dakha to Junction with Jalandhar - Moga road NH-703 near Kang Sahibu village Km 260860 to km 303900,1851,2407.14,1944.05,73,2024-07-16,2027-03-31,2020-12-23,1
1089,Roads & Highways,Ministry of Road Transport & Highways,NHAI,618486,Delhi-Amritsar-Katra Expressway Phase-I Pkg-V from Junction with Ambala-Kaithal-Hissar road NH-152 near Kharak Pandwa village to Junction with Patiala-Samana-Patran road SH-10 near Ghagga village Km 120250 to Km 157920,1742,2281.02,1508.23,99,2024-05-22,2026-09-30,2021-01-28,1
1090,Roads & Highways,Ministry of Road Transport & Highways,NHAI,618492,Delhi-Amritsar-Katra Expressway Phase-I Pkg-XII from Junction with Amritsar-Mehta-SriHargobindpur-Tanda road NH-503A near SriHargobindpur to Junction with Pathankot-Gurdaspur road NH-54 near Gurdaspur Km 362420 to km 397700,1734,1538.47,781.01,28,2027-02-20,2027-06-30,2021-03-04,0
1091,Roads & Highways,Ministry of Road Transport & Highways,NHAI,618493,Delhi-Amritsar-Katra Expressway Phase-I Spur-I from Jn. with Kapurthala - Sultanpur Lodhi Road NH-703A near Isharwal village to Jn. with Kapurthala - Tarn Taran road NH-703AA near Goinwal Sahib [Km 24000 to Km 41000 of Amritsar connectivity],2165,1519.6,635.8,35,2026-04-16,2028-03-10,2021-12-13,0
1092,Roads & Highways,Ministry of Road Transport & Highways,NHAI,619200,Delhi-Amritsar-Katra Expressway Phase-I Spur-III from Junction with Amritsar-Jalandhar road NH-3 near Bhishambarpura to Junction with Amritsar-Anjala road NH-354 near Amritsar Airport [Km 71000 to Km 99000 of Amritsar connectivity],1642,1951.7,1374.83,34,2024-10-26,2027-12-31,2021-03-04,1
1093,Roads & Highways,Ministry of Road Transport & Highways,NHAI,619066,Delhi-Amritsar-Katra Expressway Phase-II Pkg-XIV from Junction with Pathankot-Gurdaspur road NH-54 near Balsua to Junction with Hiranagar Road near village Gurha Baildaran km 423500 to km 468100,3044,3707.91,1782.31,87,2024-09-25,2026-10-31,2021-10-29,1
1094,Roads & Highways,Ministry of Road Transport & Highways,NHAI,618494,Delhi-Amritsar-Katra Expressway Phase-II Pkg-XV [Junction with Hiranagar Road near village Gurha Baildaran to Junction with Jammu Ring Road NH-244A near Jakh village from Km 468100 to Km 503250],2715,3716.56,1848.0,90,2024-09-25,2026-12-31,2021-10-07,1
1095,Roads & Highways,Ministry of Road Transport & Highways,NHAI,618496,Delhi-Amritsar-Katra Expressway Phase-II Pkg-XVI Existing Jakh Vijaypur-Kunjwani section of NH-44 including spur Connectivity to Jammu Airport NH-144A [Km 503500 to km 514500],1822,2522.56,1242.7,94,2024-09-26,2026-09-30,2021-09-03,1
1096,Roads & Highways,Ministry of Road Transport & Highways,NHAI,618457,Delhi-Vadodara Greenfield Alignment NH-148N Pkg-10 Ch. 292.950 to Ch. 319.400 [End of Interchange on NH-166 near village Mui to Hardeoganj village near Indergarh],1273,1265.16,1164.39,95,2023-05-21,2027-04-30,2019-11-25,0
1097,Roads & Highways,Ministry of Road Transport & Highways,NHAI,618458,Delhi-Vadodara Greenfield Alignment NH-148N Pkg-15 Ch. 419.000 to Ch.427.300 [Junction with NH-12 near village Ummedpura to Major bridge over Takli river near Nayagaon Jageer village],1855,1854.68,1534.71,98,2024-01-04,2026-09-15,2020-07-03,0
1098,Roads & Highways,Ministry of Road Transport & Highways,NHAI,618459,Delhi-Vadodara Greenfield Alignment NH-148N Pkg-26 Ch.696890 to Ch.726390,1555,1556.4,1308.08,86,2024-08-31,2027-02-28,2020-09-08,1
1099,Roads & Highways,Ministry of Road Transport & Highways,NHAI,619197,Delhi-Vadodara Greenfield Alignment NH-148N Pkg-27 Ch.729.700 to Ch.756.052,1186,1259.27,1051.39,99,2024-02-14,2026-09-30,2020-09-08,1
1100,Roads & Highways,Ministry of Road Transport & Highways,NHAI,618462,Delhi-Vadodara Greenfield Alignment NH-148N Pkg-31 Ch.824920 to Ch.844382 [Junction near Pratap nagar Village - Junction near Dodka Village],1645,1651.14,1298.04,100,2023-05-18,2026-09-30,2019-11-25,1
1101,Roads & Highways,Ministry of Road Transport & Highways,NHAI,618612,Deogarh near Dhandhaniya-Rajasthan/Gujarat Border Phase-I AJ/DRGB-Package-6,847,740.62,707.32,100,2023-08-11,2026-09-30,2019-10-01,0
1102,Roads & Highways,Ministry of Road Transport & Highways,NHAI,618613,Deogarh near Dhandhaniya-Rajasthan/Gujarat Border Phase-I AJ/DRGB-Package-7,662,597.77,561.8,99,2023-07-15,2026-09-30,2019-10-01,0
1104,Roads & Highways,Ministry of Road Transport & Highways,NHAI,618803,Development of 4L Road from Samarlakota to Achampeta Junction as part of Kakinada Port Connectivity to NH-16 Rajanagaram Junction in East Godavari District,646,750.2,694.72,93,2025-08-15,2026-12-13,2022-09-05,1
1106,Roads & Highways,Ministry of Road Transport & Highways,NHAI,618552,Development of 6L Greenfield Jalandhar Bypass starting from Kahlwan NH-03 ending at Kang Sahbu NH-703 via Sarmastpur NH-44 - Madara NH-03 - Khajurla NH-44,1755,2167.39,1252.18,57,2025-01-14,2027-06-30,2021-03-31,1
1107,Roads & Highways,Ministry of Road Transport & Highways,NHAI,618675,Development of 6L of Basanwahi Marangpuri Section from km 99.500 to km 124.661 of NH-130-CD,1307,1303.63,518.96,71,2025-10-15,2027-03-31,2022-03-21,0
1108,Roads & Highways,Ministry of Road Transport & Highways,NHAI,618673,Development of 6L of Jhanki Sargi Section Road from km 0.000 to km 42.800 of NH-130CD Pkg-CG-1,1368,1129.14,715.41,99,2024-09-28,2027-02-12,2021-11-22,0
1109,Roads & Highways,Ministry of Road Transport & Highways,NHAI,618674,Development of 6L Sargi Basanwahi Section from km 42.800 to km 99.500 of NH-130CD Pkg-CG-2,1471,1461.81,757.66,100,2025-01-08,2026-10-31,2021-12-20,0
1110,Roads & Highways,Ministry of Road Transport & Highways,NHAI,618509,Development of 6L UER II [Package - I] NH-1 Near Bakoli till Karala Kanjhawala Road from km. 0.70 to km.15.00,2090,2203.45,1835.63,100,2023-10-27,2026-09-30,2020-07-03,1
1112,Roads & Highways,Ministry of Road Transport & Highways,NHAI,618824,"Development to 4-laning of the de-scoped stretches from Km 115.342 to Km 191.700 of NH-34 in Nadia District 3.962 & Murshidabad District 5.538 pertaining to Krishnagar to Berhampore section of NH-34 New NH-12 , in the state of West Bengal under NHO.",201,197.74,64.72,55,2026-01-16,2027-06-30,2024-03-05,0
1113,Roads & Highways,Ministry of Road Transport & Highways,MoRTH,618227,Development to 4/6-lanning of NH-31 New NH-10 with both side service roads from km 569.258 to km 581.030 end of AH-02 project on NH- 31 near Shivmandir to Sevoke Army Cantonment in districts of Darjeeling and Jalpaiguri in the state of West Bengal on EPC Mode Job No. 010/WB/2021-22/490,995,1059.2,676.6,76,2025-09-19,2027-03-31,2022-03-16,1
1115,Roads & Highways,Ministry of Road Transport & Highways,NHAI,619100,Dhangaon - Borgaon section km 81.000 to km 139.000 [Indore - Edlabad Pkg IV],866,1185.04,746.6,100,2023-08-03,2026-10-31,2020-01-03,1
1116,Roads & Highways,Ministry of Road Transport & Highways,NHAI,619210,Dharampuri-Lonand from km. 117.00 to 166.40 Pkg-IV on Mohol-Alandi Section,1412,1358.68,1474.29,97,2023-09-14,2026-09-30,2021-01-15,0
1117,Roads & Highways,Ministry of Road Transport & Highways,NHAI,618710,DL/UP Border - EPE Crossing Pkg-02,2003,1889.78,1740.61,100,2023-11-07,2026-09-30,2020-09-08,0
1118,Roads & Highways,Ministry of Road Transport & Highways,NHAI,618589,Durg-Raipur Bypass Section Package - 1 from km. 0.00 to km. 44.50 near Tendesara to near Khatti Village,1828,1656.73,1072.3,75,2025-07-20,2027-03-31,2022-06-29,0
1119,Roads & Highways,Ministry of Road Transport & Highways,NHAI,618590,Durg-Raipur-Arang Package - 2 from km. 44.50 to km. 92.23 near Khatti Village to near Aurang,1959,1561.97,1009.65,74,2025-05-28,2027-03-31,2022-06-29,0
1120,Roads & Highways,Ministry of Road Transport & Highways,NHAI,619202,Dwarka Expressway from Km -0.600 to Km 5.300 - Pkg-I Shivmurti Chowk-RuB near Dwarka Sector 21,2145,3929.5,3560.87,99,2022-09-24,2026-09-30,2018-03-15,1
1122,Roads & Highways,Ministry of Road Transport & Highways,NHAI,618866,"Four Lane Highway from Chandan Nagar Existing Km. 59.025 of NH 530B/Design Km. 179.5000 to Bareilly BypassStartExisting Km. 59.025 of NH 530B/Design Km. 218.000 Section of NH 530B, in the State of Uttar Pradesh on HAM Mode under NH0",2077,1112.44,491.0,34,2027-11-18,2027-11-18,2024-12-09,0
1123,Roads & Highways,Ministry of Road Transport & Highways,NHAI,618626,Four laning from Dive Ghat Km. 220.900 to Hadapsar Km. 234.150 of Mohol Alandi section Pkg VI of NH-965,820,400.0,141.56,70,2026-10-14,2027-04-12,2023-12-14,0
1125,Roads & Highways,Ministry of Road Transport & Highways,NHAI,619118,Four Laning of Angul to Sambalpur from Km.112.000 to Km.265.000,2510,2632.91,2465.02,100,2019-08-31,2026-09-30,2016-09-22,1
1126,Roads & Highways,Ministry of Road Transport & Highways,NHAI,619131,Four Laning of Chettikulam to Natham section of NH-785,838,823.93,641.94,100,2020-11-03,2026-08-31,2018-03-13,0
1127,Roads & Highways,Ministry of Road Transport & Highways,NHAI,619145,Four Laning of Una to Kodinar from km. 180.478 to km. 221.610 Package-V,878,1126.66,1008.73,100,2019-08-08,2025-03-31,2016-02-17,1
1128,Roads & Highways,Ministry of Road Transport & Highways,NHAI,619295,Four/Six laning of Bhaniyawala-Jollygrant-Rishikesh spur section of NH-07 from Km. 0.000 to Km 19.780,742,664.92,13.35,0,2027-11-30,2027-11-30,2023-02-03,0
1129,Roads & Highways,Ministry of Road Transport & Highways,MoRTH,617961,Gaya-Hisua-Rajgir-Nalanda-Biharsharif section km0.00 to 92.935 NH-82,1409,2138.16,1784.89,97,2019-11-06,2026-12-31,2014-01-21,1
1130,Roads & Highways,Ministry of Road Transport & Highways,NHAI,619096,Goa / Karnataka Km.93.700 to Kundapur Km.283.30,1645,1990.99,1849.54,98,2016-08-28,2026-12-31,2012-07-31,1
1131,Roads & Highways,Ministry of Road Transport & Highways,NHAI,618580,Gohana - Sonipat PKG-2,1275,1957.44,1225.85,98,2022-07-24,2026-07-31,2019-01-25,1
1133,Roads & Highways,Ministry of Road Transport & Highways,NHAI,618737,Grade separated Interchanges at Km. 113.730 junction with Ranchi Hazaribagh Road & Km. 139.225 junction with Ranchi Jamshedpur road on 4L Ranchi Bypass of NH-33,304,5.58,6.01,0,2027-12-25,2027-12-25,2025-01-29,0
1134,Roads & Highways,Ministry of Road Transport & Highways,NHAI,618551,Greenfield connectivity from Govindsar village on Delhi Amritsar Katra Expressway to Talwara village on NH-44 Pathankot by-pass,667,690.47,231.08,29,2027-07-15,2027-07-15,2024-11-08,1
1138,Roads & Highways,Ministry of Road Transport & Highways,NHAI,618951,Hariharganj to Parwa Mode section from km 23.284 to km 57.049 of NH-98,1126,1186.56,830.08,91,2024-02-29,2026-09-30,2020-09-29,1
1139,Roads & Highways,Ministry of Road Transport & Highways,NHAI,619117,Hassan km 184.912 to Maranahally km 230.060 of NH - 75 in Karnataka,1022,1091.4,1073.87,98,2019-03-07,2026-09-30,2015-12-29,1
1140,Roads & Highways,Ministry of Road Transport & Highways,NHAI,618581,Hosur to Dhamrapuri Pkg-1 [Neraluru - Thorapalli Agraharam],1829,1828.66,1467.5,79,2024-10-24,2027-01-31,2021-10-07,0
1141,Roads & Highways,Ministry of Road Transport & Highways,NHAI,618944,Hyderabad - Maneguda,959,1218.49,433.39,24,2026-11-26,2027-05-26,2021-10-07,1
1142,Roads & Highways,Ministry of Road Transport & Highways,NHAI,618663,i 4L Vidisha to Hinotiya from km 0.000 to Km 27.000 Vidisha Mehulwa-Talbehat Pkg-I Section of NH- 346 and ii 4L Vidisha to Morikori from Km 39.000 to 59.476 section of NH-146,1004,941.12,434.21,90,2025-12-20,2026-12-29,2022-09-19,0
1143,Roads & Highways,Ministry of Road Transport & Highways,NHAI,618928,"Improvement & Up-gradation of NH-734 Section of Moradabad-Thakurdwara Kashipur including Moradabad & Kashipur Bypasse Package-III Kashipur Bypass Length 14.490 Km., Starts from Ch. 38770 and ends at Ch. 53260 existing Ch. 05560",936,717.5,400.47,54,2025-09-14,2027-03-31,2023-02-02,0
1145,Roads & Highways,Ministry of Road Transport & Highways,NHAI,618586,Improvement and strengthening of existing 2 lane stretch to 2-Lane with PS 1.5m on both sides on Ghoti-Sinnar section of NH-160A using Thin White Topping 200mm thick in the State Of Maharashtra on EPC Mode,255,147.64,119.17,77,2026-06-16,2026-10-31,2025-03-06,0
1147,Roads & Highways,Ministry of Road Transport & Highways,NHAI,618856,"Improvement and Up-Gradation of Existing Road to 4L PS from Km 123.650 to 175.080, from Start of Shahabad Bypass to End of Hardoi bypass of NH 731 Pkg-2B",1102,1212.26,540.05,71,2025-11-19,2027-03-31,2022-09-18,1
1148,Roads & Highways,Ministry of Road Transport & Highways,NHAI,618859,"Improvement and Up-Gradation of Existing Road to 4L PS from Km 229.070 to 260.800, End of Hardoi District to Lucknow Ring road of NH 731 Pkg-4",576,553.61,390.55,99,2024-10-23,2026-09-30,2021-09-17,0
1149,Roads & Highways,Ministry of Road Transport & Highways,NHAI,618858,"Improvement and Up-Gradation of Existing Road to 4L PS from Km 88.750 to 123.650, from Start of Shahjahanpur Bypass to start of Shahabad bypass of NH 731Pkg.-2A",955,955.34,371.22,71,2026-01-18,2027-03-31,2022-09-18,1
1154,Roads & Highways,Ministry of Road Transport & Highways,MoRTH,618056,Improvement and Up-gradation to two Lane with Paved Shoulder Configuration from existing km. 420.00 Shohrathgarh to km. 454.00 Uska Bazar of NH-730 in the state of Uttar Pradesh EPC basis,510,484.42,268.33,62,2025-09-14,2026-12-31,2022-01-08,0
1155,Roads & Highways,Ministry of Road Transport & Highways,MoRTH,618252,"Improvement and Up-gradation to two Lane with Paved Shoulder/Four Lane configuration from existing Km 130.000 to Km 191.000 design km 131.500 to Km 188.735, Design length 57.235 Km of NH-227A near Barhalganj to Mehrauna Ghat in the state of Uttar Pradesh on Hybrid Annuity Model HAM basis",974,1344.61,765.31,59,2027-05-04,2027-05-03,2022-01-08,1
1156,Roads & Highways,Ministry of Road Transport & Highways,MoRTH,618111,Improvement and upgradation to two lane with paved shoulder configuration from existing km 90.00 to 130.00 Design length 39.15 of NH-227A near Sikriganj to Barhalganj in the State of UP on EPC Mode.,403,345.34,204.35,96,2025-06-10,2026-09-30,2021-08-08,0
1162,Roads & Highways,Ministry of Road Transport & Highways,MoRTH,618076,Improvement and Widening two lannig with paved Shoulder of NH 127B from km 31.500 Goeragre to km 63.224 Package-II in state of Meghalaya,504,350.67,75.72,4,2027-05-15,,2023-12-08,0
1163,Roads & Highways,Ministry of Road Transport & Highways,NHAI,618806,Improvement of 4L road to 6L road and 4L dedicated Port Roads for the Port connectivity road from Convent junction to Sheelanagar Junction,686,680.21,508.74,79,2026-02-13,2026-12-31,2023-01-20,0
1170,Roads & Highways,Ministry of Road Transport & Highways,MoRTH,618216,"Improvement/construction of existing CL-5 Road to NH Intermediate lane specification with hard shoulder from Km 133.000 to 166.000 net Length 33.000 kms of NH-505 Sumdo-Kaza-Gramphoo road in the state of Himachal Pradesh on EPC mode under project Deepak, BRO",231,203.15,75.92,23,2026-06-30,2027-09-30,2021-03-08,0
1171,Roads & Highways,Ministry of Road Transport & Highways,MoRTH,618215,"Improvement/construction of existing CL-5 Road to NH Intermediate lane specification with hard shoulder from Km 166.000 to 203.77 net Length 37.770 kms of NH-505 Sumdo-Kaza-Gramphoo road in the state of Himachal Pradesh on EPC mode under project Deepak, BRO",274,194.0,60.73,25,2027-06-09,2027-06-09,2021-06-14,0
1172,Roads & Highways,Ministry of Road Transport & Highways,MoRTH,618217,Improvement/construction of existing Class-5 Road to NH Intermediate lane specification with hard shoulder from existing Km 76/340 to 134/940 Design chainage from Km 76/300 to 133/000 net Length 56.700 kms of NH-505 Sumdo-Kaza-Gramphoo road in the state of Himachal Pradesh Package I,315,244.15,141.55,62,2026-05-11,2027-08-31,2021-03-03,0
1180,Roads & Highways,Ministry of Road Transport & Highways,NHAI,618561,Improving the Alignment of Thoppur Ghat Section from Km 158.500 to Km 165.100 in Dharmapuri - Salem Section of NH-44,905,731.09,230.58,48,2028-03-20,2028-03-20,2024-03-07,0
1181,Roads & Highways,Ministry of Road Transport & Highways,NHAI,618621,Indore - Edlabad Pkg-II [Tejajinagar to Balwara],1163,1530.82,824.5,88,2025-01-15,2026-12-31,2022-03-11,1
1182,Roads & Highways,Ministry of Road Transport & Highways,NHAI,618694,Indore - Harda Pkg-I [Indore to Raghav Garh from km. 0.25 to km. 26.903],1011,813.03,710.89,96,2024-10-31,2026-09-15,2022-01-31,0
1183,Roads & Highways,Ministry of Road Transport & Highways,NHAI,619114,Indore - Harda Pkg-II [Raghavgarh to Nanasa from km. 29.30 to km. 92.30],1082,1146.63,370.33,40,2026-03-14,2027-06-30,2023-01-04,1
1184,Roads & Highways,Ministry of Road Transport & Highways,NHAI,618762,Itarsi Km. 63.000 to Betul Km. 137.000 of NH-69 in Madhya Pradesh,950,788.33,666.78,100,2020-02-21,2026-12-30,2017-08-31,0
1185,Roads & Highways,Ministry of Road Transport & Highways,NHAI,618936,Jagadhari - Tajewala from Km -0.175 to 32.337 km of NH-344,1270,919.43,725.04,68,2025-02-06,2027-03-31,2022-03-31,0
1187,Roads & Highways,Ministry of Road Transport & Highways,NHAI,619208,Kadambattukonam-Kazhakuttom,3636,3526.33,2124.38,44,2025-01-18,2027-05-31,2021-12-06,0
1188,Roads & Highways,Ministry of Road Transport & Highways,NHAI,618899,Kallagam km.38.700 to Meensurutti Km.98.433 of NH-227 in Tamil Nadu,1499,1499.12,1112.05,100,2021-04-22,2026-09-30,2018-02-27,1
1189,Roads & Highways,Ministry of Road Transport & Highways,NHAI,618895,Kamalapuram to Oddanchatram from km. 0.00 to km. 35.822,1319,1319.42,649.84,94,2023-01-20,2026-09-30,2019-01-22,1
1190,Roads & Highways,Ministry of Road Transport & Highways,MoRTH,617948,Kante - Wakad section of NH-66 4L PS from Km.281/300 to 332/200,1118,2020.56,1315.34,90,2019-11-12,2025-11-30,2016-03-17,1
1191,Roads & Highways,Ministry of Road Transport & Highways,NHAI,618521,Karaipettai to Walajapet from Km 71.015 to 107.091,767,766.51,613.76,94,2021-02-09,2026-09-10,2018-08-08,0
1193,Roads & Highways,Ministry of Road Transport & Highways,NHAI,619201,Karnal ring road Lot-4/Pkg-1,1741,2041.54,834.86,97,2025-08-30,2026-10-31,2022-11-04,1
1195,Roads & Highways,Ministry of Road Transport & Highways,NHAI,618746,Khammam-Devarapalle Pkg I [4L Access Controlled Greenfield from Thallampadu village to Somavaram village Design Chainage 0000 to 33604],797,1337.18,684.72,97,2024-10-30,2026-10-07,2021-01-22,1
1196,Roads & Highways,Ministry of Road Transport & Highways,NHAI,619128,Khammam-Devarapalle Pkg II [4L Access Controlled Greenfield from Somavaram village to Chintagudem village Design Chainage 33604 to 63117],616,981.64,524.11,98,2024-09-12,2026-08-31,2021-01-22,1
1197,Roads & Highways,Ministry of Road Transport & Highways,NHAI,618747,Khammam-Devarapalle Pkg III [4L Access Controlled Greenfield from Chintagudem village to Recherla village Design Chainage 63117 to 105236],830,1227.07,669.77,99,2024-09-26,2026-09-30,2021-01-22,1
1200,Roads & Highways,Ministry of Road Transport & Highways,NHAI,618607,Kottankulangara- Start of Kollam Bypass,2842,3680.49,2373.22,74,2024-10-07,2027-03-31,2021-06-08,1
1201,Roads & Highways,Ministry of Road Transport & Highways,NHAI,619098,Kozhikode Bypass Calicut Bypass Vengalam Jn. to Ramanattukara Jn.,1425,2139.18,1066.67,99,2023-02-21,2026-09-30,2018-02-15,1
1208,Roads & Highways,Ministry of Road Transport & Highways,NHAI,618653,Loha-Waranga Section of NH-361 from km 187.800 to km 244.369,1236,3466.58,1557.02,96,2021-03-24,2026-12-31,2018-03-01,1
1209,Roads & Highways,Ministry of Road Transport & Highways,NHAI,619129,Mahabalipuram - Pondicherry Pkg-I [Mamallapuram to Mugaiyur],1361,1477.94,921.42,59,2024-05-10,2027-01-31,2019-02-14,1
1210,Roads & Highways,Ministry of Road Transport & Highways,NHAI,619130,Mahabalipuram - Pondicherry Pkg-II [Mugaiyur to Marakkanam],1116,1463.75,818.96,53,2025-12-05,2027-03-31,2019-02-14,1
1211,Roads & Highways,Ministry of Road Transport & Highways,NHAI,618903,Maheshkunt -Saharsa-Purnea Pkg II,1245,1244.09,1261.02,94,2020-12-11,2026-09-30,2017-03-30,0
1212,Roads & Highways,Ministry of Road Transport & Highways,NHAI,618902,Maheshkunt-Saharsa-Purnea Pkg I km 0.00 to km. 90.00 of NH-107,662,1311.22,1127.24,90,2021-12-19,2026-12-31,2017-02-27,1
1214,Roads & Highways,Ministry of Road Transport & Highways,NHAI,618756,Melur - Pilayarpatti - Karaikudi from km 99.920 of NH 38 to km 12.9 of NH 383 Ext.,1104,1085.41,948.46,98,2022-03-15,2026-09-15,2018-12-20,0
1216,Roads & Highways,Ministry of Road Transport & Highways,NHAI,618764,Moga - Bagha Purana - Bajakhana from km. 0.00 to km. 43.32,1033,1264.17,804.37,76,2024-12-30,2026-12-31,2020-05-11,1
1218,Roads & Highways,Ministry of Road Transport & Highways,NHAI,618629,Nandigama Bypass and Kanchikacherla bypass,416,444.58,387.77,98,2019-06-04,2026-09-30,2017-11-09,1
1222,Roads & Highways,Ministry of Road Transport & Highways,NHAI,618850,Nerchowk km 190.000 to Pandoh including Pandoh bypass km221.305,1464,1651.67,1559.3,100,2020-07-11,2026-09-30,2016-03-31,1
1224,Roads & Highways,Ministry of Road Transport & Highways,NHAI,619120,Nidagatta-Mysore Pkg II,2920,4113.89,3717.48,99,2022-06-07,2026-09-30,2018-02-27,1
1225,Roads & Highways,Ministry of Road Transport & Highways,NHAI,618688,Outer Ring Road of Jabalpur Town from Amjhar Road including Airport Connectivity to barela Pkg-V,795,539.9,105.49,32,2027-10-11,2027-10-11,2024-10-28,0
1226,Roads & Highways,Ministry of Road Transport & Highways,NHAI,618687,Outer Ring Road of Jabalpur Town from Barela to Manegaon Pkg-1,652,651.88,501.21,90,2025-03-05,2027-03-31,2022-09-01,0
1227,Roads & Highways,Ministry of Road Transport & Highways,NHAI,618686,Outer Ring Road of Jabalpur Town from Kushner to Amjhar Road including Airport Connectivity Pkg-IV,613,509.82,369.68,80,2026-03-05,2027-03-31,2022-08-26,0
1228,Roads & Highways,Ministry of Road Transport & Highways,NHAI,618684,Outer Ring Road of Jabalpur Town from Manegaon to NH-45 Pkg-2,917,786.47,529.01,79,2026-03-07,2027-03-31,2022-11-07,0
1229,Roads & Highways,Ministry of Road Transport & Highways,NHAI,618685,Outer Ring Road of Jabalpur Town from NH45 to Kushner Pkg-3,911,773.23,552.62,80,2026-03-04,2026-12-31,2022-09-20,0
1232,Roads & Highways,Ministry of Road Transport & Highways,NHAI,618851,Pandoh bypass 221.305 to Takoli 242.000 of NH-21 in the state of Himachal Pradesh,3420,4465.94,2887.37,96,2021-09-23,2027-03-31,2017-06-13,1
1233,Roads & Highways,Ministry of Road Transport & Highways,NHAI,618606,Paravoor-Kottankulangara,3274,3200.24,2863.51,71,2025-02-23,2027-03-31,2021-12-22,0
1235,Roads & Highways,Ministry of Road Transport & Highways,NHAI,618571,Permanent rectification of 3 nos. of black spots in project Highway NH-27 of U.P border - Dewapur - Kotwa section from Km.360.915 to km.440.000 Total Length of 79.085 Km of NH-27& Permanent rectification of 5 nos. of black spots of project Highway NH-27 of Kotwa - Mehsi - Muzaffarpur Section from km.440.000 to km.520.000 Total length 80.00Km,227,321.23,233.89,83,2025-12-11,2026-12-31,2022-04-12,1
1236,Roads & Highways,Ministry of Road Transport & Highways,NHAI,618846,Poondiyankuppam Km.67.000 to Sattanathapuram Km.123.800,2566,2319.35,1210.2,100,2024-01-19,2026-10-31,2018-03-01,0
1239,Roads & Highways,Ministry of Road Transport & Highways,NHAI,618845,Puducherry Km.29.000 to Poondiyankuppam Km.67.000,1588,1415.9,460.48,99,2023-11-14,2026-10-31,2018-03-01,0
1241,Roads & Highways,Ministry of Road Transport & Highways,NHIDCL,618428,Realignment of NH-717A from Design Ch.0.00 Km 77.800 of NH-10 to Design Ch.2.00 Km 3.100 of NH-717A with two lane paved shoulder including Major Bridge of 680 m in the State of Sikkim on EPC Mode-COS work,265,380.94,70.71,100,2023-04-10,2026-05-21,2021-01-04,1
1251,Roads & Highways,Ministry of Road Transport & Highways,MoRTH,618239,"Rehabilitation & Upgradation of NH214 New NH-216 from Km 34/230 to Km 84/550 Losari to Machavaram Section to two lane with paved shoulder in the state of Andhrapradesh under NHDP-IV through Engineering, Procurement& Construction EPC mode.",445,459.37,431.25,99,2018-09-07,2025-07-31,2016-03-17,1
1254,Roads & Highways,Ministry of Road Transport & Highways,NHAI,618821,Rehabilitation and Up gradation from 4 to 8 laning of Chandikhole Paradip Section of NH-53 Old NH 5A from Km 18.00 to Km 39.00 in the State of Odisha on HAM mode Package-2,920,950.4,435.46,98,2025-12-14,2026-11-30,2023-03-27,1
1255,Roads & Highways,Ministry of Road Transport & Highways,NHAI,618822,Rehabilitation and Up gradation from 4 to 8 laning of Chandikhole Paradip Section of NH-53 Old NH 5A from Km.0.00 to Km.18.00Package-1,930,869.45,403.23,97,2025-12-14,2027-01-31,2023-03-27,0
1256,Roads & Highways,Ministry of Road Transport & Highways,NHAI,618820,Rehabilitation and Up gradation from 4 to 8 laning of Chandikhole Paradip Section of NH-53 Old NH 5A from Km.39.000 to Km.60.00 Package-3,862,938.55,395.98,92,2025-12-14,2027-03-31,2023-03-27,1
1257,Roads & Highways,Ministry of Road Transport & Highways,NHAI,619181,Rehabilitation and Up gradation from 4 to 8 laning of Chandikhole Paradip Section of NH-53 Old NH 5A from Km.60.000 to Km.76.646 Package-4,882,1009.92,201.34,36,2026-10-31,2027-12-31,2023-03-27,1
1260,Roads & Highways,Ministry of Road Transport & Highways,NHIDCL,619185,Rehabilitation and up-gradation and completion of balance work of section from Km 155.00 to Km 181.00 End of Jarwa to Rangat of NH -4 Total length 26 Km to Intermediate Lane/2-lane with hard shoulders in the UT of A&N Islands on EPC basis - Package-III.B Balance work,184,333.12,163.63,54,2025-10-05,2027-03-31,2018-02-27,1
1261,Roads & Highways,Ministry of Road Transport & Highways,NHIDCL,619184,"Rehabilitation and up-gradation and completion of balance works of the section from Km 107.760 km to 129.445 km After Middle strait to Humphrey, Km 130.600 to 138.300 After Humphrey to Kadamtala of NH-4 Intermediate/2-Lane with hard shoulder in the Union Territory of Andaman & Nicobar Islands on EPC basis Package-IIIA",207,376.48,0.0,82,2025-09-13,2026-12-31,2018-02-27,1
1262,Roads & Highways,Ministry of Road Transport & Highways,MoRTH,618163,"Rehabilitation and Up-gradation from km. 0000 to km.40390 of NH-730S MaharajganjNichloulThuthibari to two lane with paved shoulders in the State of U.P. on Engineering, Procurement & Construction EPC Basis.",809,603.19,352.88,61,2025-12-06,2026-12-31,2023-03-01,0
1263,Roads & Highways,Ministry of Road Transport & Highways,MoRTH,618236,Rehabilitation and Up-gradation of Dhindi - Digamarru section from Km 126/510 to Km 135/740 of NH -214 New NH -216 and digamarru -Losari section from Km 0/000 tp Km 34/230 of NH-214 A New Nh-216 to two lane with paved shoulder in the state of AP-NH,316,288.76,283.54,100,2018-05-11,2023-11-06,2016-02-25,0
1264,Roads & Highways,Ministry of Road Transport & Highways,MoRTH,618037,Rehabilitation and Up-gradation of existin of road from 2-lane to 2-lane with paved shoulders from km. 0.00 to km 53.590 total length-53.590 km of Raychoti to Vempalli section of NH-440 in the State of Andhra Pradesh on EPC mode.,440,359.52,213.12,90,2024-05-02,2026-09-30,2021-12-28,0
1265,Roads & Highways,Ministry of Road Transport & Highways,NHAI,618888,Rehabilitation and Up-gradation of existing road to 2L PS from End of Hamirpur Bypass near Chilbahal to Bhangbar section from Km. 138.295 to Km.175.270 of NH-88 Pkg-IV,1146,1358.62,987.51,97,2025-04-27,2026-12-31,2022-03-11,1
1273,Roads & Highways,Ministry of Road Transport & Highways,MoRTH,618238,Rehabilitation and Up-gradation of Thimmapuram to Gurajanapalli section from Km 26/150 to Km 41/161 of NH - 214 New NH - 216 to two lane with paved shoulder in the state of Andhra Pradesh under NHDP-IV,351,432.91,481.3,98,2018-07-09,2026-09-30,2016-08-10,1
1281,Roads & Highways,Ministry of Road Transport & Highways,NHAI,618880,Rehabilitation and Up-gradation to 4L configuration & Strengthening of Thanpuri to Paror section from Km 85.135 to Km 100.840 of NH-154 Pkg-IIC,816,666.79,497.44,57,2025-12-04,2027-04-30,2022-07-06,0
1285,Roads & Highways,Ministry of Road Transport & Highways,NHAI,619136,Rehabilitation and Upgradation of Chorma - Bairgania Section of National Highway No 227F to 2 lane with paved shoulders from Design Ch.0.000 to Ch. 34.566,611,628.65,340.56,100,2026-01-31,2026-09-30,2022-06-30,1
1289,Roads & Highways,Ministry of Road Transport & Highways,MoRTH,618194,Rehabilitation and upgradation of New NH 544DD from design Chainage Km. 56/000 to 102/20 of Kalyandrg - Molakalmuru Section,294,285.29,257.77,99,2020-02-07,2025-09-15,2018-03-20,0
1291,Roads & Highways,Ministry of Road Transport & Highways,MoRTH,617994,Rehabilitation and upgradation of NH-167 from design km 113.900 to 154.479 Mallepally Haliya section to two lane with paved shoulders on EPC mode in the stte of Telangana,294,257.61,249.23,88,2019-11-28,2025-12-06,2018-02-26,0
1292,Roads & Highways,Ministry of Road Transport & Highways,MoRTH,619193,Rehabilitation and upgradation of NH-221 from km 121/0 to 165/0 Rudrampur to Bhadrachalam section to two lane with paved shoulder under NHDPIV in the state of Telangana through EPC mode,295,334.82,209.88,83,2017-02-24,2026-09-30,2015-01-27,1
1301,Roads & Highways,Ministry of Road Transport & Highways,MoRTH,618232,Rehabilitation and Upgradation to 2-lane configuration of Karnohal- Kalwahn Section km 181.00 to 208.950 of NH-70 in the State of Himachal Pradesh under Green National Highways Corridor Project GNHCP with the loan assistance of World Bank on EPC mode.Package-2,252,190.02,121.55,58,2026-05-14,2026-12-31,2020-08-19,0
1302,Roads & Highways,Ministry of Road Transport & Highways,MoRTH,618266,Rehabilitation and upgradation to 2-lane with paved sholuders configuration of Bewar- Allahaganj- section of NH-730C Km.0.000 to Km 52.770 pakage-I in state of Uttar Pradesh undergreen national Highway Corridor Project GNHCP with the loan assistance of world Bank on EPC mode.,325,340.16,306.61,99,2024-11-23,2026-10-31,2020-04-18,1
1303,Roads & Highways,Ministry of Road Transport & Highways,MoRTH,618265,Rehabilitation and upgradation to 2-lane with paved sholuders configuration of Miranpur Katra to radhaita section of NH-730CKm.114.000 to Km 137.250pakage-III in state of Uttar Pradesh undergreen national Highway Corridor ProjectGNHCP with the loan assistance of world Bank on EPC mode.,172,169.56,144.33,92,2024-07-27,2026-12-31,2020-04-18,0
1306,Roads & Highways,Ministry of Road Transport & Highways,NHAI,618879,Rehabilitation and Upgradation to 2L PS configuration & Strengthening of Padhar to Bijni section from Km 180.000 to Km 202.815 of NH-154 Pkg-VA,931,930.86,667.09,100,2026-11-03,2026-11-03,2022-06-09,0
1307,Roads & Highways,Ministry of Road Transport & Highways,NHAI,618878,Rehabilitation and Upgradation to 4L configuration & Strengthening of Sihuni to Rajol from Km 51.000 to Km 72.000 of NH-154 Package-IIA,697,776.59,496.72,99,2025-09-26,2026-09-30,2022-03-17,1
1308,Roads & Highways,Ministry of Road Transport & Highways,MoRTH,617963,Rehabilitation and upgradation to four lane road from km 70.500 to km 78.600 of NH-92 under EPC mode in the State of Uttar Pradesh,296,351.78,128.07,40,2027-01-07,2027-01-07,2022-01-06,1
1312,Roads & Highways,Ministry of Road Transport & Highways,MoRTH,617911,Rehabilitation and upgradation Umaria to Shahdol section of NH-78 from Existing Km. 68/4 to Km. 142/2 to 2LPS including construction of Birshinghpur and Shahdol Bypass on EPC mode under NHDP-IVA,512,613.16,504.85,94,2017-07-31,2026-09-30,2015-03-02,1
1313,Roads & Highways,Ministry of Road Transport & Highways,MoRTH,617966,Rehabilitation and Upgrading to 2 lanes/2-lane with paved shoulders configuration and strengthening of of Birpur and Bihpur Section from km 0.0 to Km 106 of NH 106 under phase I of National Highways Interconnectivity Improvement Projects NHIIP ICB No. NHIIP-BR-106-7 [NHIIP-BR-106-7],781,961.33,832.37,100,2019-10-02,2026-10-31,2014-01-02,1
1320,Roads & Highways,Ministry of Road Transport & Highways,NHAI,618700,Renigunta - Poyya - Naidupeta km 124.60 to km 183.4 of NH 71,1863,2510.14,1688.88,99,2024-01-31,2026-09-30,2020-03-18,1
1321,Roads & Highways,Ministry of Road Transport & Highways,NHAI,618886,Road Safety Improvement of Critical Junctions on MuzaffarnagarHaridwar Section of NH-334 from Km 143000 to Km 196000,239,0.1,47.37,23,2027-10-03,2027-10-03,2025-04-11,0
1322,Roads & Highways,Ministry of Road Transport & Highways,NHAI,619294,Road Safety Improvement of existing four lane section of Dehradun-Lal Tappar-Nepali Farm Section of NH-7 and Nepali Farm-Motichur NH-34 on EPC Mode in Uttarakhand under NHO.,721,388.19,19.14,5,2028-08-14,2028-08-14,2025-05-30,0
1324,Roads & Highways,Ministry of Road Transport & Highways,NHAI,618615,Sanchore - Santalpur from km 99.000 - km 130.073 of NH-754K AJ-RGBS-Package-4,778,835.55,767.89,100,2023-03-09,2026-09-15,2020-02-18,1
1325,Roads & Highways,Ministry of Road Transport & Highways,MoRTH,617988,Sangameswaram - Atmakuru section from Km 96 to Km 124 & Velegodu- Nandyal section including Nandyal Bypass from Km 143/6 to 185/9 NH-167K,776,644.14,350.3,49,2027-07-30,2027-07-30,2024-10-15,0
1326,Roads & Highways,Ministry of Road Transport & Highways,NHAI,618611,Sangariya near Chautala-Rasisar near Bikaner section of NH-754K Phase-I AJ/SR-Package-7,521,548.42,450.73,100,2023-06-29,2026-09-30,2019-02-04,1
1327,Roads & Highways,Ministry of Road Transport & Highways,NHAI,619069,Satara Km 725.000 to Pune Km 865.350 of NH - 4 New NH - 48 in Maharashtra,362,425.51,387.34,99,2022-05-04,2026-12-31,2009-09-22,1
1329,Roads & Highways,Ministry of Road Transport & Highways,NHAI,618847,Sattanathapuram to Nagapattinam from Km 123.800 to Km 179.555,2900,2899.77,1595.47,86,2022-10-04,2026-12-31,2018-03-01,0
1331,Roads & Highways,Ministry of Road Transport & Highways,NHAI,618840,Simaria Km. 206.050 to Khagaria Km. 266.282,664,891.64,816.96,98,2019-04-03,2026-12-31,2015-12-01,1
1332,Roads & Highways,Ministry of Road Transport & Highways,NHAI,619078,Six Laning of Bihar - Jharkhand Border Chordaha - Gorhar section of NH-2 from km 249.525 to km 320.810,1773,1689.17,1292.61,78,2021-11-26,2026-12-31,2017-12-26,0
1333,Roads & Highways,Ministry of Road Transport & Highways,NHAI,619205,Six Laning of KT/KL Border Thalapaddy -Chengala from Km. 17.200 to Km. 57.20,1981,2681.48,1795.92,100,2024-05-15,2026-09-03,2020-05-19,1
1334,Roads & Highways,Ministry of Road Transport & Highways,NHAI,618530,Six Laning of Varanasi to Aurangabad from km. 786.00 to km. 978.40 of Old NH-2,3242,3241.56,2864.1,100,2014-03-10,2026-09-15,2009-02-10,0
1335,Roads & Highways,Ministry of Road Transport & Highways,NHAI,619076,Six Laning of Vijayawada Bypass from Chinna Avutapalli to Gollapudi in Vijayawada - Gundugolanu Section from km. 0.00 to km. 30.00 Pkg-III,1581,1883.71,1024.59,98,2023-02-17,2026-09-30,2020-01-20,1
1336,Roads & Highways,Ministry of Road Transport & Highways,NHAI,618966,Six laning with both sides Service Road of Ayodhya Bypass from Design Km 0000 near Ashram Tiraha on NH-46 to Km 16439 end at Ratnagiri Tiraha on Nh-146,1123,1103.22,177.29,22,2027-08-11,2027-08-11,2024-02-28,0
1338,Roads & Highways,Ministry of Road Transport & Highways,NHAI,619003,Solan - Kaithlighat Section of NH-22 Now NH-5 from Km. 106.139 to Km.129.05,882,1519.53,1348.35,90,2021-05-06,2026-11-16,2018-03-28,1
1340,Roads & Highways,Ministry of Road Transport & Highways,NHAI,619207,Start of Kollam Bypass - Kadambattukonam,2641,3309.06,1990.79,82,2025-03-29,2027-06-30,2021-06-08,1
1342,Roads & Highways,Ministry of Road Transport & Highways,NHAI,618628,Strengthening of Existing Alignment of Pandharpur Town Part Bypassed Section of NH 965 from KM 36.230 to KM 44.230 from Chh. Shivaji Maharaj Chowk to Wakhari,150,87.59,80.94,69,2025-10-31,2027-03-31,2022-08-12,0
1344,Roads & Highways,Ministry of Road Transport & Highways,NHAI,618796,Tanot -Ramgarh-Bhadasar-Jaisalmer NH-68 and BhadasarMokal-Sarkaritala up to Pakisthan Border NH-968 Pkg-BM/5,829,830.37,756.0,100,2021-04-21,2026-09-15,2018-02-23,1
1345,Roads & Highways,Ministry of Road Transport & Highways,NHAI,619097,Thalassery Mahe Bypass Km 170.600 to Km 189.200 of NH-17New NH-66 in Kerala,1181,1573.18,1534.73,100,2020-05-31,2026-09-30,2017-09-09,1
1346,Roads & Highways,Ministry of Road Transport & Highways,NHAI,619094,Thorapalli - Agraharam - Jittandahalli Section from km 23.350 to km 60.100 [Hosur to Dhamrapuri Pkg-2],1244,1272.11,823.86,78,2023-12-06,2026-12-31,2019-02-14,1
1347,Roads & Highways,Ministry of Road Transport & Highways,NHAI,618605,Thuravoor Thekku-Paravoor,2879,2638.67,2533.61,81,2024-09-12,2027-05-31,2021-09-06,0
1349,Roads & Highways,Ministry of Road Transport & Highways,NHAI,619071,Tumkur - Nelamangala 6L,2032,1664.2,1094.39,61,2025-08-25,2027-03-31,2021-03-04,0
1350,Roads & Highways,Ministry of Road Transport & Highways,NHAI,619220,Tumkur-Shimoga Pkg-III from Km 121.900 Banawara to Km 170.415 Bettadahalli of Old NH-206,1444,1834.81,876.08,98,2023-03-14,2026-12-31,2018-02-27,1
1351,Roads & Highways,Ministry of Road Transport & Highways,NHAI,618512,Tunnel at Khambataki Ghat Section and its approaches from existing Km. 771.730 to existing Km. 782.000,907,816.12,687.05,89,2022-02-27,2026-10-31,2017-11-07,0
1352,Roads & Highways,Ministry of Road Transport & Highways,MoRTH,618255,Two laning with paved shoulders of Lambasingi to Paderusection of NH 516E,361,358.05,180.54,58,2025-11-02,2027-03-31,2020-04-17,0
1354,Roads & Highways,Ministry of Road Transport & Highways,NHAI,618954,Umagaon - Saharsa Package - I Combined Umagaon-Kaluahi0.000KM to 21.609Km of NH227LSaharghat-Rahika0.000 Km to 26.130KM of NH227JRahika-Rampatti 0.00 KM to 15.00KM of NH527ABideshwarsthan-Bheja0.000KM to 25.915KM of NH527A.,1473,1703.02,666.87,24,2027-07-01,2027-07-01,2022-08-20,1
1355,Roads & Highways,Ministry of Road Transport & Highways,NHAI,618953,Umagaon-Saharsa Package-IV Koshi Bridge & approach Road - Bheja-Bakaur,1200,1223.94,1331.17,92,2023-08-11,2027-03-31,2019-02-01,1
1356,Roads & Highways,Ministry of Road Transport & Highways,NHAI,619166,Umagaon-Saharsa Package-V Bakaur-Parsarma-Bangaon-Bariyahi & Spur to Mahishi,768,968.42,509.34,100,2025-12-14,2026-09-30,2022-10-07,1
1358,Roads & Highways,Ministry of Road Transport & Highways,MoRTH,617906,Up-gradation of Dhoraji-Jamkandorna-Kalavad Section of NH-927D from Design Chainage km 0/00 to km 58/115 to Two lane with PS configuration in the State of Gujarat on EPC,247,291.19,0.0,35,2027-01-24,2027-01-24,2022-10-14,1
1362,Roads & Highways,Ministry of Road Transport & Highways,NHIDCL,618394,Up-gradation to 2-lane with Paved Shoulder from Km 12.850 to Km20.300 of 7.450Km length on Goha-Khellani section and a link road to Goha village of 2.016 km on NH-244 in UT of Jammu and Kashmir on EPC Mode Pkg-1,228,225.37,183.3,94,2022-04-01,2026-10-31,2020-07-14,0
1366,Roads & Highways,Ministry of Road Transport & Highways,NHAI,618766,Up-gradation to Four Lane with Paved Shoulder configuration of the highway starting from existing km 88.400 Savali Vihir to km 163.400 start of Ahmednagar bypass Design Length 75.000 km section of NH-160 in the State of Maharashtra under Bharatmala Pariyojana on EPC Mode,862,617.93,327.05,49,2027-04-29,2027-04-29,2024-10-28,0
1369,Roads & Highways,Ministry of Road Transport & Highways,MoRTH,618022,Upgradation to two lane with paved Shoulder Configuaration from Km. 0/00 to 47/000 of NH 351 Mahuva to Badhada section in the State of Gujarat,173,219.08,125.54,77,2025-08-22,2027-03-31,2022-12-06,1
1370,Roads & Highways,Ministry of Road Transport & Highways,NHAI,618511,Upgradation & rehabilitation of Service Roads on both sides in urban areas of Pune City on PuneSatara section of NH48,605,388.78,69.84,24,2027-06-16,2027-06-16,2025-01-12,0
1372,Roads & Highways,Ministry of Road Transport & Highways,NHAI,619155,Upgradation and 4L of Haridwar Bypass from Km 0.000 Km 188.100 of NH-58 to Km. 15.100 Km 5.100 of NH 74 PKg-1,1603,1423.89,770.29,80,2024-10-29,2026-11-30,2021-11-22,0
1373,Roads & Highways,Ministry of Road Transport & Highways,MoRTH,618043,Upgradation and reconstruction of Dindori - Mandla Section of NH 543 from Km 77100 Design to Km 170580 Design Total length 93.48km to Two lane with paved shoulder configuration along with One time improvement in 04 nos of bypassed built-up areas in a total length of 7.23 km in the state of Madhya Pradesh on EPC mode,492,523.71,309.82,88,2026-07-28,2026-09-30,2022-03-28,1
1375,Roads & Highways,Ministry of Road Transport & Highways,MoRTH,617914,Upgradation and reconstruction of Shahpura-Dindori Section of NH 45 from Km 103.700 Design to Km 164.580 Design including 3 bypasses Total length 60.88km to Two lane with paved shoulder configuration along with One time improvement in 03 nos of bypassed built-up areas in a total length of 12.341 km in the State of Madhya Pradesh on EPC mode,241,250.09,129.86,41,2025-12-11,2027-06-30,2022-03-14,1
1376,Roads & Highways,Ministry of Road Transport & Highways,NHAI,618967,Upgradation and Strengthening of Chenani to Nashri Section via Patnitop of NH244 from Km 0.000 to Km 39.100,295,295.06,210.02,65,2026-08-05,2027-03-31,2024-03-06,1
1377,Roads & Highways,Ministry of Road Transport & Highways,NHAI,618754,Upgradation of 2L/4L with Paved Shoulder of Shirwal-Lonand Section from KM 159900 To KM 188025 of NH-965DD Section I and 2L With Paved Shoulder of Lonand-Satara Section from KM 51500 To KM 96246 Of NH-965D Section II in Satara District in the State of Maharashtra on EPC Mode under NHO-,538,307.24,189.06,44,2027-06-20,2027-06-20,2025-03-06,0
1385,Roads & Highways,Ministry of Road Transport & Highways,MoRTH,618015,"Upgradation of Keonchi - Ratanpur Road of NH 45 Package-I, from design chainage km 237.860 to km 273.200 of length 35.340 km to two lane with paved shoulders under Corridor scheme on EPC mode in the state of Chhattisgarh.",225,228.93,99.1,60,2026-01-06,2026-12-31,2022-03-31,1
1388,Roads & Highways,Ministry of Road Transport & Highways,MoRTH,618085,Upgradation of Nasrullagani-Rehti-Budhni Scction to 2-lane with paved shoulder from Km 0150 to Km 50500 of NH-146B in the state of Madhya Pradesh on EPC mode.,305,293.74,237.68,92,2024-10-25,2026-10-31,2021-12-06,0
1393,Roads & Highways,Ministry of Road Transport & Highways,NHAI,618787,"Upgradation to 4L PS from Bhimasar, Junction of NH-41 to Anjar- Bhuj upto Airport Junction from Km 0.000 to Km 65.478 of NH-341",1373,1687.25,837.99,96,2025-06-29,2027-03-31,2022-03-11,1
1397,Roads & Highways,Ministry of Road Transport & Highways,NHAI,619203,Vadape to Thane from km 539.202 to km 563.000 section of NH-3 new NH-848,1253,1371.27,491.86,87,2021-07-18,2026-10-31,2018-03-26,1
1398,Roads & Highways,Ministry of Road Transport & Highways,NHAI,618467,Vadodara Mumbai Expressway Karvad - Jujuwa from Km. 128.000 to Km. 154.600 Phase-I Package-IX,2594,2587.04,238.42,22,2025-10-13,2027-07-31,2023-07-11,0
1399,Roads & Highways,Ministry of Road Transport & Highways,NHAI,618463,Vadodara Mumbai Expressway Kim to Ankleshwar Phase IA - Pkg V,1325,2807.48,1547.27,91,2021-10-31,2026-09-30,2018-02-19,1
1400,Roads & Highways,Ministry of Road Transport & Highways,NHAI,619198,Vadodara Mumbai Expressway Phase II - Pkg XII [Km. 50.700 to Km. 77.000] Masvan - Ganjad,1711,2388.52,979.42,100,2024-03-22,2026-08-31,2020-08-07,1
1401,Roads & Highways,Ministry of Road Transport & Highways,NHAI,618469,Vadodara Mumbai Expressway Phase II - Pkg XIII [Km. 26.582 to Km. 50.700] Shirsad - Masvan,3537,4679.54,1986.56,98,2024-02-08,2026-08-31,2020-06-06,1
1402,Roads & Highways,Ministry of Road Transport & Highways,NHAI,618470,Vadodara Mumbai Expressway Phase II - Pkg XIV [Km. 3.000 to Km. 20.200 of Spur] Shirsad - Akloli,2059,2324.72,645.91,98,2024-05-11,2026-09-30,2021-05-27,1
1403,Roads & Highways,Ministry of Road Transport & Highways,NHAI,618471,Vadodara Mumbai Expressway Phase II - Pkg XV [Km. 20.200 to Km. 43.000 of Spur] Akloli - Amne,2611,2918.39,651.95,95,2024-05-11,2026-08-31,2021-05-18,1
1404,Roads & Highways,Ministry of Road Transport & Highways,NHAI,618472,Vadodara Mumbai Expressway Phase II - Pkg XVI [Km. 43.000 to Km. 69.800 of Spur] Amne - Bhoj,4052,4315.56,952.69,96,2024-10-31,2026-08-31,2021-06-24,1
1405,Roads & Highways,Ministry of Road Transport & Highways,NHAI,618473,Vadodara Mumbai Expressway Phase II - Pkg XVII [Km. 69.800 to Km. 79.783 of Spur] Bhoj - Morbe,2209,2463.02,931.24,91,2025-07-17,2026-08-31,2021-09-03,1
1406,Roads & Highways,Ministry of Road Transport & Highways,NHAI,619064,Vadodara Mumbai Expressway Talsari to Karvad Phase IB - Pkg X [Km 103.400 to Km 128.000],1910,2652.24,1098.49,36,2024-03-21,2027-12-31,2020-10-07,1
1407,Roads & Highways,Ministry of Road Transport & Highways,NHAI,618529,Varanasi Ring Road Pkg-II connecting Sandaha Village km 11.70 / NH-29 with Revasa Village km 818.80 / NH-2,1992,1832.66,1758.76,97,2022-02-13,2026-10-31,2017-12-26,0
1408,Roads & Highways,Ministry of Road Transport & Highways,NHAI,618844,Viluppuram Km.0.000 to Puducherry Km.29.000,1358,1162.44,527.54,98,2023-11-24,2026-10-31,2018-03-01,0
1409,Roads & Highways,Ministry of Road Transport & Highways,NHAI,618769,Walajahpet/Ranipet to TN/AP Border Section of from Km.106.800 to Km.133.36 NH-4,1338,1214.7,243.33,16,2027-09-29,2027-09-29,2024-12-06,0
1411,Roads & Highways,Ministry of Road Transport & Highways,MoRTH,618063,Widening & Strenghteningof section from Bharthana chowk to Kodarkoot km.0.00 to km.40.00 of NH-91-A on EPC mode,262,343.77,115.38,94,2024-09-18,2026-12-31,2020-03-30,1
1412,Roads & Highways,Ministry of Road Transport & Highways,MoRTH,617983,Widening & Strengthening of Existing 2LPS to 4 lane PS from Km 150000 to Km 159000 and Km 165400 to Km 186000 of NH-163 old NH-202 under NH O for the year 2020-21 on EPC Mode in the state of Telangana.,317,300.56,252.45,91,2024-07-16,2026-12-31,2021-03-30,0
1417,Roads & Highways,Ministry of Road Transport & Highways,NHIDCL,618352,Widening & Upgradation to 2 lanes with paved shoulders road from Tamenglong to Mahur NH-137 in the State of Assam starting from km 136.500 near Hejaichak to km 156.489 near P. Leikul Package-9 on EPC mode under NHO-NE Package-9,860,614.43,559.71,97,2025-08-29,2026-12-31,2023-03-31,0
1418,Roads & Highways,Ministry of Road Transport & Highways,NHIDCL,618351,Widening & Upgradation to 2 lanes with paved shoulders road from Tamenglong to Mahur NH-137 in the State of Assam starting from km 156.489 near P. Leikul to km 176.410 near Borowapu on EPC mode under NHO-NE Assam portion Package-10,890,693.15,628.77,93,2025-08-29,2026-12-31,2023-03-31,0
1420,Roads & Highways,Ministry of Road Transport & Highways,MoRTH,618082,Widening & Upgradation to four lane configuration from Km.34.900 Bhadohi to km.73.134 Jaunpur of NH-135A on EPC mode,396,392.03,358.27,95,2024-05-14,2026-10-31,2021-03-31,0
1421,Roads & Highways,Ministry of Road Transport & Highways,MoRTH,617928,"Widening 2 lane to 4-lane from KM 92/320 to Km 115/320 Vav Chokdi-Satlasana to to Vrundavan Chokdi, Kheralu on NH-58 in the State of Gujarat.",151,171.27,151.29,100,2026-03-14,2026-08-20,2022-03-16,1
1422,Roads & Highways,Ministry of Road Transport & Highways,MoRTH,618141,Widening and Improvement of existing carriage way to 2 lane with paved shoulders from Km. 86/160 to 131/730 of Jangaon-Duddeda section of NH-365B in the State of Telangana on EPC Mode,423,423.48,262.93,78,2024-12-18,2026-12-15,2022-01-05,1
1440,Roads & Highways,Ministry of Road Transport & Highways,MoRTH,619183,Widening of Existing Road from Intermediate Lane 2-lane to 4-lane Between Km 19.994 to Km 35.180 of NH-848A Rakholi-Khadoli-Velugam Section in U.T. of Dadra and Nagar Haveli and Daman and Diu,198,239.57,173.71,92,2026-06-30,2026-09-30,2022-10-14,1
1444,Roads & Highways,Ministry of Road Transport & Highways,NHAI,618797,"Widening Strengthening of 2-Lane with Paved Shoulder from MyajlarJaisalmer from Design Chainage 0000 to 98350 Section of NH-11 & SundraMyajlarAmbasingh ki Dhani Road from Design Chainage 46000 to 81601, part of MunabaoTanot Road Section of NH-70 along with Strengthening/Widening of Existing Connection of NH-70 & NH-11 of length 0.914 km in the State of Rajasthan under NHO on Hybrid Annuity Mode",1238,927.02,94.08,21,2027-12-18,2027-12-18,2025-03-26,0
1459,Roads & Highways,Ministry of Road Transport & Highways,MoRTH,618070,Widening to 2 Lanes with paved shoulders from Km.87/000 to 133/720 Nattukal to Thanau Jn. in Palakkad of NH-966 Old NH-213 on EPC mode Basis under NHO Annual Plan 2016-17 in the state of Kerala,294,315.63,0.0,98,2019-08-22,2026-06-30,2017-02-10,1
1464,Roads & Highways,Ministry of Road Transport & Highways,MoRTH,618084,Widening to 2-lane with paved shoulder from km 0.00 to 44.00 Kuru-Ghaghra section of NH-143A including re-construction of culverts and bridges.,153,133.67,108.0,95,2023-08-08,2026-10-31,2020-02-14,0
1472,Roads & Highways,Ministry of Road Transport & Highways,MoRTH,618029,Widening to 4 lane from Km. 133.00 to 158.04 design Chainage Km. 130.88 to 155.145 Shirur Cross to Gaddankeri of NH-367 in the State of Karnataka on EPC mode. Job No. NH-367-KNT-2021-22-930,351,312.06,253.15,83,2025-01-17,2027-03-31,2022-01-24,0
1476,Roads & Highways,Ministry of Road Transport & Highways,NHAI,619087,Widening to 6L of Existing 4L Jetpur - Gondal - Rajkot Section from Km. 117.600 to Km. 185.00 on NH-27,2070,1390.29,1144.5,77,2025-09-26,2027-01-31,2022-03-21,0
1479,Roads & Highways,Ministry of Road Transport & Highways,MoRTH,618168,Widening to four lane with paved shoulder from Design Km.49.200 to Km.89.285 of NH-731B on EPC mode in the state of Uttar Pradesh,918,965.3,685.18,56,2026-01-14,2027-01-31,2022-03-31,1
1486,Roads & Highways,Ministry of Road Transport & Highways,MoRTH,617985,Widening to two lane with paved shoulders from Km 0/0 to 64/020 Pamarru to Akiveedu,530,588.65,441.1,74,2023-11-16,2027-05-31,2020-03-31,1
1491,Roads & Highways,Ministry of Road Transport & Highways,MoRTH,617936,Widening to two/four lane with paved shoulder from Km.180.600 to Km.223.000 of NH-63 on Nizamabad-Jagadalpur road on EPC mode under NHO in the state of Telangana.,254,183.26,0.0,100,2019-03-28,,2016-10-06,0
1493,Roads & Highways,Ministry of Road Transport & Highways,NHAI,618905,Widening with additional 3L abetting Chhapra Bypass Section of NH-19 from Km. 143.200 to Km. 159.255 Pkg-1,470,528.48,318.83,77,2026-08-29,2026-10-28,2024-02-28,1
1496,Roads & Highways,Ministry of Road Transport & Highways,NHAI,618708,Widening/Development of Existing NH-85 from Km 0.000 to Km 124.636 section to 2L/LPS section in the state of Kerala on EPC Mode under Bharatmala Pariyojana,1187,1265.47,807.31,82,2025-06-25,2027-03-31,2022-09-12,1
1520,Roads & Highways,Ministry of Road Transport & Highways,NHAI,619138,Yekkambi-Haveri,295,309.9,94.93,25,2024-03-07,2028-03-31,2021-09-30,1
1524,Shipping,"Ministry of Ports, Shipping and Waterways",Deendayal Port Trust [DPT],701570,"Replacement and revamping of pipeline projects in oil jetty area, Kandla",171,211.61,149.5,92,2023-09-30,2025-03-31,2021-09-30,1
1530,Steel,Ministry of Steel,Steel Authority of India Limited [SAIL],400174,"New Sinter Plant at BSL, SAIL",1034,1752.3,1075.46,66,2027-10-31,2027-06-30,2015-03-30,1
1531,Steel,Ministry of Steel,National Mineral Development Corporation Limited [NMDC],706811,NMDC Slurry Pipeline Project Phase-1,2907,5427.0,3684.95,97,2023-06-30,2026-08-15,2015-11-10,1
1540,Steel,Ministry of Steel,National Mineral Development Corporation Limited [NMDC],709826,SCREENING PLANT-III AT KIRANDUL,2719,3062.39,1763.55,84,2026-01-31,2027-07-31,2009-01-31,1
1551,Telecommunication,Department of Telecommunications,Department of Telecommunications [DoT],701593,4G Services by BSNL,28466,19592.0,9173.0,99,2024-03-31,2026-03-31,2020-11-01,0
1552,Telecommunication,Department of Telecommunications,Department of Telecommunications [DoT],704495,"502 Aspirational District Scheme in Four states - Bihar, Madhya Pradesh, Rajastha and Uttar Pradesh",422,228.94,152.96,100,2022-03-16,2026-06-21,2019-12-23,0
1571,Telecommunication,Department of Telecommunications,Department of Telecommunications [DoT],706775,BharatNet,12709,12709.0,10320.0,100,2023-08-31,2019-03-31,2017-07-19,0
1574,Telecommunication,Department of Telecommunications,Department of Telecommunications [DoT],701599,Mobile connectivity in Left Wing Extremism [LWE] affected areas-Phase2,1578,604.6,493.48,90,2023-03-31,2026-11-08,2018-05-23,0
1577,Telecommunication,Department of Telecommunications,Department of Telecommunications [DoT],701602,"Provision of 4G based mobile services in 7,287 uncovered villages of 44 Aspirational District across 5 states of Andhra Pradesh, Chhattisgarh, Jharkhand, Maharashtra & Odisha",3685,1448.61,1108.93,83,2023-11-19,2027-01-14,2021-11-17,0
1578,Telecommunication,Department of Telecommunications,Department of Telecommunications,701598,Provision of 4G based Mobile Services in Uncovered Villages and National Highways of Meghalaya,972,180.46,167.23,100,2022-03-03,2026-06-30,2019-09-19,0
1579,Telecommunication,Department of Telecommunications,Department of Telecommunications,701597,Provision of 4G Mobile Services in Uncovered Villages of Arunachal Pradesh and 2 Districts of Assam,1255,276.62,237.98,100,2023-04-30,2026-09-30,2020-12-09,0
1580,Telecommunication,Department of Telecommunications,Department of Telecommunications [DoT],400013,Saturation 4G mobile coverage of Uncovered Villages through USOF,26316,15392.8,8722.82,89,2024-06-20,2027-03-31,2022-07-27,0
1582,"Tourism, Hospitality & Wellness","Ministry of Ports, Shipping and Waterways",Indian Port Rail & Ropeway Corporation Ltd. [IPRCL],707215,National Maritime Heritage Complex [NMHC] Phase-I,573,1238.05,674.35,80,2026-12-15,2026-10-31,2019-02-22,1
1592,Transmission & Distribution,Ministry of Power,Power Grid Corporation of India Limited [POWERGRID],602223,Comprehensive Scheme for Strengthening of Transmission and Distribution [T&D] Systems [CSST&DS] in Arunachal Pradesh and Sikkim,4754,9129.32,8173.48,84,2018-12-19,2027-03-31,2014-10-14,1
1606,Transmission & Distribution,Ministry of Power,Power Grid Corporation of India Limited [POWERGRID],607709,NORTH EASTERN REGION POWER SYSTEM IMPROVEMENT PROJECT [NERPSIP],5111,6700.0,5577.75,99,2018-12-31,2027-03-31,2014-12-01,1
1654,Urban Public Transport,Ministry of Housing & Urban Affairs,Bengaluru Metro Rail,702665,Construction Bangalore Metro Rail Project Phase-2A & 2B,14788,14788.1,11079.3,68,2026-06-30,2026-06-30,2021-06-07,1
1655,Urban Public Transport,Ministry of Housing & Urban Affairs,Bengaluru Metro Rail,702635,Construction of Bangalore Metro Rail Project Phase 2.,26405,30695.1,29845.0,96,2021-03-22,2026-09-30,2014-02-21,1
1664,Urban Public Transport,Ministry of Housing & Urban Affairs,ministry of housing and urban affairs,701991,Kalyan Station Precinct Improvement Project,600,723.7,540.1,86,2023-07-31,2026-06-30,2018-04-24,1
1671,Urban Public Transport,Ministry of Housing & Urban Affairs,Patna Metro Rail Corporation Ltd. [PMRCL],702627,Patna Metro Rail Project,13366,13365.8,5198.09,50,2024-02-26,2027-06-30,2019-02-27,0
1672,Urban Public Transport,Ministry of Housing & Urban Affairs,Maharashtra Metro Rail Corporation Limited [MMRCL],617225,PCMC To Nigdi- Extension Of North South Corridor Of Phase-1,910,960.18,336.07,50,2027-01-31,,2023-10-23,1
1692,Waste & Water,Ministry of Housing & Urban Affairs,Ministry of Housing & Urban Affairs,703021,Jalandhar Water Supply Infrastructure Project,259,266.64,161.02,90,2023-08-28,2026-08-31,2016-11-18,1
1695,Waste & Water,Ministry of Housing & Urban Affairs,Ministry of Housing & Urban Affairs,702958,Lucknow Sewerage Management Infrastructure Project,142,173.21,152.65,95,2023-03-31,2026-08-31,2016-09-26,1
1699,Waste & Water,Ministry of Housing & Urban Affairs,Ministry of Housing & Urban Affairs,702808,Satna Sewerage Management and Treatment Infrastructure Project,192,215.89,200.32,97,2024-03-31,2026-08-31,2015-11-13,1
1701,Waste & Water,Ministry of Housing & Urban Affairs,Ministry of Housing & Urban Affairs,702810,Singrauli Sewerage Management and Treatment Infrastructure Project,402,438.1,387.75,91,2023-03-31,2026-06-30,2016-05-26,1
1702,Water Resources,"Department of Water Resources, River Development & GR",Department of water resources-MH - II,701391,Aruna Medium Irrigation Project,210,1472.14,1734.71,100,2019-12-31,2026-06-30,2009-04-01,1
1703,Water Resources,"Department of Water Resources, River Development & GR",Water Resources-MP,400116,Bargi Diversion Project Phase - III [km. 104 to km 154],1229,1399.7,2271.97,82,2019-12-31,2026-12-31,2007-04-01,1
1704,Water Resources,"Department of Water Resources, River Development & GR",Water Resources-MP,400115,Bargi Diversion Project Phase - IV [km. 154 to km 197],751,893.35,814.02,75,2019-12-31,2026-03-31,2008-04-01,1
1707,Water Resources,"Department of Water Resources, River Development & GR",Department of water resources-MH - II,701386,Gosikhurd Project,7196,12770.1,14439.5,73,2019-12-31,2028-06-30,2008-04-01,1
1708,Water Resources,"Department of Water Resources, River Development & GR",Water Resources-AP,400101,Gundlakamma project,397,697.39,624.78,98,2019-12-31,2027-03-31,2005-04-01,1
1709,Water Resources,"Department of Water Resources, River Development & GR",Irrigation and CAD-TG,400103,Indiramma Flood Flow Canal Project,1331,5940.09,4491.08,92,2019-12-31,2026-12-31,1996-04-03,1
1710,Water Resources,"Department of Water Resources, River Development & GR",Water Resources-OR,603945,Integrated Anandpur Barrage Project,567,2990.05,2836.51,63,2019-12-31,2028-06-30,1997-04-01,1
1711,Water Resources,"Department of Water Resources, River Development & GR",Irrigation and CAD-TG,701405,J. Chokka Rao Devadula Lift Irrigation Scheme,8201,13445.4,4841.09,88,2019-12-31,2025-12-31,2006-04-01,1
1713,Water Resources,"Department of Water Resources, River Development & GR",Irrigation and CAD-TG,701404,Kanupur Irrigation Project,989,2301.28,2804.16,80,2019-12-31,2027-06-30,2003-04-01,1
1714,Water Resources,"Department of Water Resources, River Development & GR",Water Resources-CT,400111,Kelo Irrigation Project,460,727.04,620.15,73,2019-12-31,2026-06-30,2008-04-01,1
1717,Water Resources,"Department of Water Resources, River Development & GR",Department of water resources-MH - II,701396,Lower Pedhi Project,256,1480.7,3066.05,65,2019-12-31,2026-03-31,2008-04-01,1
1718,Water Resources,"Department of Water Resources, River Development & GR",Irrigation & Water Resources-UP,701408,Madhya Ganga canal Phase-II,1061,4417.21,4575.74,82,2019-12-31,2025-12-31,2008-04-01,1
1719,Water Resources,"Department of Water Resources, River Development & GR",Department of water resources-MH - II,701398,Nardave Medium Irrigation Project,211,781.85,879.8,75,2019-12-31,2028-06-30,2009-04-01,1
1720,Water Resources,"Department of Water Resources, River Development & GR","Department of Water Resources, River Development & GR",701412,North Koel Reservoir Project,1622,2430.76,345.94,47,2021-03-31,2027-06-30,2017-08-01,1
1721,Water Resources,"Department of Water Resources, River Development & GR",Water Resources-AP,701415,Polavaram Irrigation Project,10151,55548.9,28159.2,86,2022-04-30,2027-06-30,2009-01-20,1
1722,Water Resources,"Department of Water Resources, River Development & GR",Department of Water Resources-PB,701410,Relining of Rajasthan feeder and Sirhind Feeder canal,1441,2462.16,2380.88,100,2021-06-30,2026-06-30,2016-02-03,1
1723,Water Resources,"Department of Water Resources, River Development & GR",Water Resources-AP,400100,Sardar Gouthu Latchanna Thotapalli Barrage Project,353,1023.24,879.15,96,2019-12-31,2027-12-31,2005-04-01,1
1724,Water Resources,"Department of Water Resources, River Development & GR","Narmada and Water Resources, Water Supply and Kalpsar Department-GJ",701372,Sardar Sarovar Project,20718,33412.5,31986.5,94,2019-12-31,2028-03-31,1996-04-01,1
1725,Water Resources,"Department of Water Resources, River Development & GR",Department of Water Resources-PB,701411,Shahpur Kandi Dam Project,2286,2715.7,2201.94,88,2022-06-30,2026-06-30,2010-02-08,1
1726,Water Resources,"Department of Water Resources, River Development & GR",Irrigation and CAD-TG,400102,Sri Ram Sagar Project Stage - II,736,949.87,971.47,97,2019-12-31,2025-12-31,1996-04-03,1
1727,Water Resources,"Department of Water Resources, River Development & GR",Department of Water Resources-JH,701376,"Subernarekha Multipurpose Project, Jharkhand",3808,9579.58,6089.12,70,2019-12-31,2026-03-31,2011-04-01,1
1728,Water Resources,"Department of Water Resources, River Development & GR","Department of Water Resources, River Development & GR",701402,"Subernarekha Project, Odisha",3056,7023.19,8330.62,96,2019-12-31,2026-03-31,1995-12-28,1
1729,Water Resources,"Department of Water Resources, River Development & GR",Water Resources Department-MN,701400,Thoubal Multipurpose Project,1449,1822.24,1848.17,99,2019-12-31,2026-12-31,1997-04-01,1
1730,Water Resources,"Department of Water Resources, River Development & GR",Water Resources-KA,701377,Upper Tunga Irrigation Project,770,1592.32,1517.1,100,2019-12-31,2026-11-30,2014-04-01,1
1731,Water Resources,"Department of Water Resources, River Development & GR",Department of water resources-MH - II,701383,Waghur Project,1059,1758.51,1642.68,90,2019-12-31,2026-03-31,1996-04-01,1
